{
"meta":{"test_sets":[],"test_metrics":[],"learn_metrics":[{"best_value":"Min","name":"RMSE"}],"launch_mode":"Train","parameters":"","iteration_count":1000,"learn_sets":["learn"],"name":"experiment"},
"iterations":[
{"learn":[22.1960192],"iteration":0,"passed_time":0.004256543064,"remaining_time":4.252286521},
{"learn":[21.38258197],"iteration":1,"passed_time":0.007888171367,"remaining_time":3.936197512},
{"learn":[20.66488523],"iteration":2,"passed_time":0.01136147424,"remaining_time":3.775796606},
{"learn":[19.99087977],"iteration":3,"passed_time":0.01773594461,"remaining_time":4.416250207},
{"learn":[19.32016716],"iteration":4,"passed_time":0.0209009314,"remaining_time":4.15928535},
{"learn":[18.64042512],"iteration":5,"passed_time":0.0230760202,"remaining_time":3.822927347},
{"learn":[17.98003981],"iteration":6,"passed_time":0.02453349553,"remaining_time":3.48025158},
{"learn":[17.34794759],"iteration":7,"passed_time":0.02621023921,"remaining_time":3.250069662},
{"learn":[16.74229418],"iteration":8,"passed_time":0.02727235951,"remaining_time":3.002989808},
{"learn":[16.1878637],"iteration":9,"passed_time":0.02827305593,"remaining_time":2.799032538},
{"learn":[15.64883791],"iteration":10,"passed_time":0.02929861891,"remaining_time":2.634212191},
{"learn":[15.16655087],"iteration":11,"passed_time":0.03047594451,"remaining_time":2.509186098},
{"learn":[14.680349],"iteration":12,"passed_time":0.03150435175,"remaining_time":2.391907322},
{"learn":[14.23052697],"iteration":13,"passed_time":0.03299475884,"remaining_time":2.32377373},
{"learn":[13.78004875],"iteration":14,"passed_time":0.03413323405,"remaining_time":2.241415703},
{"learn":[13.34801395],"iteration":15,"passed_time":0.03631467628,"remaining_time":2.233352591},
{"learn":[12.93594212],"iteration":16,"passed_time":0.0384808985,"remaining_time":2.225101366},
{"learn":[12.55193335],"iteration":17,"passed_time":0.04071632485,"remaining_time":2.221301722},
{"learn":[12.19670693],"iteration":18,"passed_time":0.04220794603,"remaining_time":2.179262898},
{"learn":[11.81606232],"iteration":19,"passed_time":0.04365518349,"remaining_time":2.139103991},
{"learn":[11.49342647],"iteration":20,"passed_time":0.04562447137,"remaining_time":2.126969403},
{"learn":[11.17191836],"iteration":21,"passed_time":0.04775724208,"remaining_time":2.123026489},
{"learn":[10.87732183],"iteration":22,"passed_time":0.0492999322,"remaining_time":2.094175381},
{"learn":[10.58104396],"iteration":23,"passed_time":0.05273730052,"remaining_time":2.144650221},
{"learn":[10.27523956],"iteration":24,"passed_time":0.05425243168,"remaining_time":2.115844836},
{"learn":[10.01528421],"iteration":25,"passed_time":0.05572205934,"remaining_time":2.087434069},
{"learn":[9.749991168],"iteration":26,"passed_time":0.05782172102,"remaining_time":2.083723502},
{"learn":[9.497002808],"iteration":27,"passed_time":0.05892049229,"remaining_time":2.045382804},
{"learn":[9.271807513],"iteration":28,"passed_time":0.05993075566,"remaining_time":2.006647026},
{"learn":[9.072345784],"iteration":29,"passed_time":0.06090512929,"remaining_time":1.969265847},
{"learn":[8.878123747],"iteration":30,"passed_time":0.06188379473,"remaining_time":1.934367648},
{"learn":[8.672267987],"iteration":31,"passed_time":0.06281144206,"remaining_time":1.900046122},
{"learn":[8.487325751],"iteration":32,"passed_time":0.06400231135,"remaining_time":1.875461669},
{"learn":[8.329733016],"iteration":33,"passed_time":0.06546759502,"remaining_time":1.860049906},
{"learn":[8.152437667],"iteration":34,"passed_time":0.06804860984,"remaining_time":1.876197386},
{"learn":[8.000278592],"iteration":35,"passed_time":0.06911109805,"remaining_time":1.850641626},
{"learn":[7.870938614],"iteration":36,"passed_time":0.07006583945,"remaining_time":1.823605497},
{"learn":[7.731818882],"iteration":37,"passed_time":0.07099501661,"remaining_time":1.797294894},
{"learn":[7.601993413],"iteration":38,"passed_time":0.07260127184,"remaining_time":1.788969801},
{"learn":[7.474338603],"iteration":39,"passed_time":0.07370260441,"remaining_time":1.768862506},
{"learn":[7.333874272],"iteration":40,"passed_time":0.07464480752,"remaining_time":1.745960254},
{"learn":[7.25304082],"iteration":41,"passed_time":0.07506000147,"remaining_time":1.712082891},
{"learn":[7.137790595],"iteration":42,"passed_time":0.07604643244,"remaining_time":1.692475252},
{"learn":[7.033168773],"iteration":43,"passed_time":0.07703565683,"remaining_time":1.673774726},
{"learn":[6.940960418],"iteration":44,"passed_time":0.0780059032,"remaining_time":1.655458612},
{"learn":[6.850556353],"iteration":45,"passed_time":0.0789750492,"remaining_time":1.637873846},
{"learn":[6.7576729],"iteration":46,"passed_time":0.07992292544,"remaining_time":1.62056485},
{"learn":[6.669631525],"iteration":47,"passed_time":0.08087662867,"remaining_time":1.604053135},
{"learn":[6.591154782],"iteration":48,"passed_time":0.083144164,"remaining_time":1.613675509},
{"learn":[6.517354409],"iteration":49,"passed_time":0.08442304418,"remaining_time":1.604037839},
{"learn":[6.448874896],"iteration":50,"passed_time":0.08535444351,"remaining_time":1.588262096},
{"learn":[6.386801626],"iteration":51,"passed_time":0.08631773308,"remaining_time":1.573638672},
{"learn":[6.32571423],"iteration":52,"passed_time":0.08727392002,"remaining_time":1.559403816},
{"learn":[6.270423551],"iteration":53,"passed_time":0.08822185178,"remaining_time":1.545516144},
{"learn":[6.217448206],"iteration":54,"passed_time":0.08918712605,"remaining_time":1.532396984},
{"learn":[6.170709193],"iteration":55,"passed_time":0.09012467412,"remaining_time":1.519244507},
{"learn":[6.122880768],"iteration":56,"passed_time":0.09106263023,"remaining_time":1.506527374},
{"learn":[6.079411669],"iteration":57,"passed_time":0.09201862385,"remaining_time":1.494509374},
{"learn":[6.031791664],"iteration":58,"passed_time":0.09298209203,"remaining_time":1.482985569},
{"learn":[5.991123751],"iteration":59,"passed_time":0.09393436042,"remaining_time":1.471638313},
{"learn":[5.954548496],"iteration":60,"passed_time":0.09487029839,"remaining_time":1.460380495},
{"learn":[5.918193849],"iteration":61,"passed_time":0.09582641576,"remaining_time":1.449760935},
{"learn":[5.887478758],"iteration":62,"passed_time":0.09676531907,"remaining_time":1.439192126},
{"learn":[5.85505291],"iteration":63,"passed_time":0.09948051186,"remaining_time":1.454902486},
{"learn":[5.824464073],"iteration":64,"passed_time":0.1005341081,"remaining_time":1.446144478},
{"learn":[5.800015792],"iteration":65,"passed_time":0.1015105801,"remaining_time":1.436528512},
{"learn":[5.770818804],"iteration":66,"passed_time":0.1024770564,"remaining_time":1.427031249},
{"learn":[5.745043147],"iteration":67,"passed_time":0.1034395018,"remaining_time":1.417729643},
{"learn":[5.721346092],"iteration":68,"passed_time":0.1043917354,"remaining_time":1.408531966},
{"learn":[5.701912324],"iteration":69,"passed_time":0.1053560424,"remaining_time":1.399730278},
{"learn":[5.680853628],"iteration":70,"passed_time":0.1062955484,"remaining_time":1.390824852},
{"learn":[5.660981693],"iteration":71,"passed_time":0.1072269745,"remaining_time":1.38203656},
{"learn":[5.641096937],"iteration":72,"passed_time":0.1081748849,"remaining_time":1.373672853},
{"learn":[5.623648837],"iteration":73,"passed_time":0.1088606576,"remaining_time":1.36222931},
{"learn":[5.608208102],"iteration":74,"passed_time":0.1098077646,"remaining_time":1.354295763},
{"learn":[5.590140581],"iteration":75,"passed_time":0.110766648,"remaining_time":1.346689246},
{"learn":[5.574373183],"iteration":76,"passed_time":0.1117523772,"remaining_time":1.339577197},
{"learn":[5.562758774],"iteration":77,"passed_time":0.1128191011,"remaining_time":1.33357963},
{"learn":[5.550798369],"iteration":78,"passed_time":0.1150455618,"remaining_time":1.341227373},
{"learn":[5.544021514],"iteration":79,"passed_time":0.1156316202,"remaining_time":1.329763632},
{"learn":[5.532918215],"iteration":80,"passed_time":0.1165847428,"remaining_time":1.322733069},
{"learn":[5.521867201],"iteration":81,"passed_time":0.1175414836,"remaining_time":1.315891243},
{"learn":[5.51429833],"iteration":82,"passed_time":0.1185252516,"remaining_time":1.309489828},
{"learn":[5.502080703],"iteration":83,"passed_time":0.1195015892,"remaining_time":1.303136377},
{"learn":[5.491080548],"iteration":84,"passed_time":0.1204733553,"remaining_time":1.296860237},
{"learn":[5.482106065],"iteration":85,"passed_time":0.1214330876,"remaining_time":1.290579558},
{"learn":[5.474685947],"iteration":86,"passed_time":0.1224143096,"remaining_time":1.284646721},
{"learn":[5.465016971],"iteration":87,"passed_time":0.1233739723,"remaining_time":1.278602986},
{"learn":[5.456504561],"iteration":88,"passed_time":0.1243214572,"remaining_time":1.272548849},
{"learn":[5.449635593],"iteration":89,"passed_time":0.1252579196,"remaining_time":1.266496743},
{"learn":[5.439920939],"iteration":90,"passed_time":0.126227277,"remaining_time":1.260885657},
{"learn":[5.431437627],"iteration":91,"passed_time":0.1271913338,"remaining_time":1.255323164},
{"learn":[5.4230791],"iteration":92,"passed_time":0.1281366501,"remaining_time":1.249676792},
{"learn":[5.413706662],"iteration":93,"passed_time":0.1300839852,"remaining_time":1.253788198},
{"learn":[5.406417968],"iteration":94,"passed_time":0.1316113323,"remaining_time":1.253771113},
{"learn":[5.400566981],"iteration":95,"passed_time":0.1325593617,"remaining_time":1.248267323},
{"learn":[5.393381756],"iteration":96,"passed_time":0.1334941498,"remaining_time":1.242734199},
{"learn":[5.387680698],"iteration":97,"passed_time":0.1343966276,"remaining_time":1.236997531},
{"learn":[5.382709712],"iteration":98,"passed_time":0.13529299,"remaining_time":1.231302869},
{"learn":[5.376514625],"iteration":99,"passed_time":0.1367221144,"remaining_time":1.230499029},
{"learn":[5.370862916],"iteration":100,"passed_time":0.1376689043,"remaining_time":1.225389554},
{"learn":[5.365002427],"iteration":101,"passed_time":0.1385916805,"remaining_time":1.220150285},
{"learn":[5.358517889],"iteration":102,"passed_time":0.1395167605,"remaining_time":1.215014895},
{"learn":[5.351935439],"iteration":103,"passed_time":0.1404183078,"remaining_time":1.209757729},
{"learn":[5.345933536],"iteration":104,"passed_time":0.1413269296,"remaining_time":1.204643829},
{"learn":[5.340111571],"iteration":105,"passed_time":0.1422546867,"remaining_time":1.199770659},
{"learn":[5.33609205],"iteration":106,"passed_time":0.1431823601,"remaining_time":1.194970538},
{"learn":[5.33095636],"iteration":107,"passed_time":0.1441222848,"remaining_time":1.190343316},
{"learn":[5.326158837],"iteration":108,"passed_time":0.1479178274,"remaining_time":1.209126461},
{"learn":[5.321197261],"iteration":109,"passed_time":0.1492303531,"remaining_time":1.207409221},
{"learn":[5.313778256],"iteration":110,"passed_time":0.1502093898,"remaining_time":1.203028356},
{"learn":[5.308581497],"iteration":111,"passed_time":0.1511670564,"remaining_time":1.198538804},
{"learn":[5.306630169],"iteration":112,"passed_time":0.152113342,"remaining_time":1.194022428},
{"learn":[5.301996714],"iteration":113,"passed_time":0.15306353,"remaining_time":1.189599014},
{"learn":[5.297203487],"iteration":114,"passed_time":0.1540109159,"remaining_time":1.18521444},
{"learn":[5.290928844],"iteration":115,"passed_time":0.1549447454,"remaining_time":1.180785819},
{"learn":[5.287033047],"iteration":116,"passed_time":0.1559008387,"remaining_time":1.176584962},
{"learn":[5.284009378],"iteration":117,"passed_time":0.1568519619,"remaining_time":1.172401953},
{"learn":[5.278276318],"iteration":118,"passed_time":0.1578365192,"remaining_time":1.168520785},
{"learn":[5.276242078],"iteration":119,"passed_time":0.1584897321,"remaining_time":1.162258036},
{"learn":[5.273978894],"iteration":120,"passed_time":0.1594077476,"remaining_time":1.158011654},
{"learn":[5.270164743],"iteration":121,"passed_time":0.1603714754,"remaining_time":1.154148814},
{"learn":[5.265157379],"iteration":122,"passed_time":0.162551064,"remaining_time":1.159002302},
{"learn":[5.259585744],"iteration":123,"passed_time":0.1641348896,"remaining_time":1.159533575},
{"learn":[5.254799708],"iteration":124,"passed_time":0.1656257455,"remaining_time":1.159380218},
{"learn":[5.251360977],"iteration":125,"passed_time":0.1676164262,"remaining_time":1.162672671},
{"learn":[5.246989988],"iteration":126,"passed_time":0.168585611,"remaining_time":1.158860145},
{"learn":[5.243156799],"iteration":127,"passed_time":0.1695479634,"remaining_time":1.155045501},
{"learn":[5.238783185],"iteration":128,"passed_time":0.1704788503,"remaining_time":1.151062625},
{"learn":[5.234440684],"iteration":129,"passed_time":0.1714279454,"remaining_time":1.147248557},
{"learn":[5.229145857],"iteration":130,"passed_time":0.1723508474,"remaining_time":1.143304476},
{"learn":[5.226325741],"iteration":131,"passed_time":0.1732323443,"remaining_time":1.139133901},
{"learn":[5.223384154],"iteration":132,"passed_time":0.174156342,"remaining_time":1.135289839},
{"learn":[5.22071313],"iteration":133,"passed_time":0.1750419395,"remaining_time":1.131241191},
{"learn":[5.215067756],"iteration":134,"passed_time":0.175959654,"remaining_time":1.12744519},
{"learn":[5.209199166],"iteration":135,"passed_time":0.1783636396,"remaining_time":1.133133711},
{"learn":[5.206910899],"iteration":136,"passed_time":0.1795595118,"remaining_time":1.131093859},
{"learn":[5.202972364],"iteration":137,"passed_time":0.180516551,"remaining_time":1.127574398},
{"learn":[5.197906001],"iteration":138,"passed_time":0.1814954846,"remaining_time":1.124227426},
{"learn":[5.195322923],"iteration":139,"passed_time":0.182464234,"remaining_time":1.120851723},
{"learn":[5.192484517],"iteration":140,"passed_time":0.1834260057,"remaining_time":1.117467652},
{"learn":[5.188100951],"iteration":141,"passed_time":0.1843725756,"remaining_time":1.114025844},
{"learn":[5.185605684],"iteration":142,"passed_time":0.1853127298,"remaining_time":1.110580485},
{"learn":[5.181401538],"iteration":143,"passed_time":0.1862447151,"remaining_time":1.107121362},
{"learn":[5.17696024],"iteration":144,"passed_time":0.1871991167,"remaining_time":1.103829274},
{"learn":[5.173695222],"iteration":145,"passed_time":0.1881135267,"remaining_time":1.100335286},
{"learn":[5.169605621],"iteration":146,"passed_time":0.1890550107,"remaining_time":1.097033497},
{"learn":[5.163422876],"iteration":147,"passed_time":0.1899975897,"remaining_time":1.093769908},
{"learn":[5.160186466],"iteration":148,"passed_time":0.190931854,"remaining_time":1.090489985},
{"learn":[5.157514595],"iteration":149,"passed_time":0.1918998662,"remaining_time":1.087432575},
{"learn":[5.153424906],"iteration":150,"passed_time":0.1945961211,"remaining_time":1.094119913},
{"learn":[5.150128252],"iteration":151,"passed_time":0.1955666029,"remaining_time":1.091055785},
{"learn":[5.147992253],"iteration":152,"passed_time":0.1962508392,"remaining_time":1.086434384},
{"learn":[5.1450141],"iteration":153,"passed_time":0.1972329663,"remaining_time":1.083500581},
{"learn":[5.138321416],"iteration":154,"passed_time":0.1981758162,"remaining_time":1.080377837},
{"learn":[5.134053624],"iteration":155,"passed_time":0.1991009959,"remaining_time":1.077187439},
{"learn":[5.130102945],"iteration":156,"passed_time":0.2000325852,"remaining_time":1.074060314},
{"learn":[5.127842777],"iteration":157,"passed_time":0.2009488113,"remaining_time":1.070879109},
{"learn":[5.125293919],"iteration":158,"passed_time":0.2019001961,"remaining_time":1.067912358},
{"learn":[5.122335276],"iteration":159,"passed_time":0.2028295452,"remaining_time":1.064855112},
{"learn":[5.120070114],"iteration":160,"passed_time":0.2037885075,"remaining_time":1.06197862},
{"learn":[5.118959504],"iteration":161,"passed_time":0.2047306637,"remaining_time":1.059038866},
{"learn":[5.113447451],"iteration":162,"passed_time":0.2056718641,"remaining_time":1.056118713},
{"learn":[5.110816766],"iteration":163,"passed_time":0.2066012125,"remaining_time":1.053162279},
{"learn":[5.108778383],"iteration":164,"passed_time":0.2075618324,"remaining_time":1.050388667},
{"learn":[5.105311574],"iteration":165,"passed_time":0.2100632327,"remaining_time":1.055377928},
{"learn":[5.102008968],"iteration":166,"passed_time":0.2113694471,"remaining_time":1.054315865},
{"learn":[5.09781092],"iteration":167,"passed_time":0.212301706,"remaining_time":1.051398925},
{"learn":[5.094901597],"iteration":168,"passed_time":0.2134753659,"remaining_time":1.04969248},
{"learn":[5.092195792],"iteration":169,"passed_time":0.2144386942,"remaining_time":1.04696539},
{"learn":[5.088968333],"iteration":170,"passed_time":0.215364975,"remaining_time":1.044079323},
{"learn":[5.086209316],"iteration":171,"passed_time":0.2163209773,"remaining_time":1.041359123},
{"learn":[5.082927694],"iteration":172,"passed_time":0.2172540857,"remaining_time":1.038549878},
{"learn":[5.079386625],"iteration":173,"passed_time":0.2188059822,"remaining_time":1.038699663},
{"learn":[5.075985564],"iteration":174,"passed_time":0.2208055054,"remaining_time":1.04094024},
{"learn":[5.073707772],"iteration":175,"passed_time":0.2218091552,"remaining_time":1.038470136},
{"learn":[5.069898384],"iteration":176,"passed_time":0.2227636069,"remaining_time":1.035787845},
{"learn":[5.06610857],"iteration":177,"passed_time":0.2239673162,"remaining_time":1.034276033},
{"learn":[5.0623506],"iteration":178,"passed_time":0.226585192,"remaining_time":1.03925387},
{"learn":[5.058797786],"iteration":179,"passed_time":0.2281567442,"remaining_time":1.039380723},
{"learn":[5.055307126],"iteration":180,"passed_time":0.2296261431,"remaining_time":1.039026581},
{"learn":[5.052691657],"iteration":181,"passed_time":0.2323183677,"remaining_time":1.04415618},
{"learn":[5.049949907],"iteration":182,"passed_time":0.233944122,"remaining_time":1.044439059},
{"learn":[5.047507578],"iteration":183,"passed_time":0.235046169,"remaining_time":1.042378663},
{"learn":[5.043260527],"iteration":184,"passed_time":0.23600334,"remaining_time":1.03969039},
{"learn":[5.039767349],"iteration":185,"passed_time":0.2369275129,"remaining_time":1.03687632},
{"learn":[5.037742481],"iteration":186,"passed_time":0.2378349481,"remaining_time":1.034009694},
{"learn":[5.033584126],"iteration":187,"passed_time":0.238733227,"remaining_time":1.031124363},
{"learn":[5.031483874],"iteration":188,"passed_time":0.2431178769,"remaining_time":1.043220096},
{"learn":[5.028806173],"iteration":189,"passed_time":0.2446706296,"remaining_time":1.043069526},
{"learn":[5.022818055],"iteration":190,"passed_time":0.2456248566,"remaining_time":1.040369157},
{"learn":[5.017399113],"iteration":191,"passed_time":0.2465437712,"remaining_time":1.03753837},
{"learn":[5.013934165],"iteration":192,"passed_time":0.2474992878,"remaining_time":1.034880442},
{"learn":[5.010656684],"iteration":193,"passed_time":0.2491609406,"remaining_time":1.035173805},
{"learn":[5.005816137],"iteration":194,"passed_time":0.2501298832,"remaining_time":1.032587467},
{"learn":[5.001661008],"iteration":195,"passed_time":0.2510402168,"remaining_time":1.029777216},
{"learn":[4.998899023],"iteration":196,"passed_time":0.2519531666,"remaining_time":1.026996918},
{"learn":[4.995452862],"iteration":197,"passed_time":0.2529014154,"remaining_time":1.02437846},
{"learn":[4.992719455],"iteration":198,"passed_time":0.2537853266,"remaining_time":1.021517822},
{"learn":[4.988641575],"iteration":199,"passed_time":0.2546708678,"remaining_time":1.018683471},
{"learn":[4.986392757],"iteration":200,"passed_time":0.2576636069,"remaining_time":1.024244885},
{"learn":[4.983613293],"iteration":201,"passed_time":0.2596569934,"remaining_time":1.025773667},
{"learn":[4.979550121],"iteration":202,"passed_time":0.2612013338,"remaining_time":1.025504744},
{"learn":[4.974837411],"iteration":203,"passed_time":0.263290474,"remaining_time":1.027349104},
{"learn":[4.970902089],"iteration":204,"passed_time":0.2646571584,"remaining_time":1.02635337},
{"learn":[4.966309077],"iteration":205,"passed_time":0.265600102,"remaining_time":1.023720781},
{"learn":[4.963219428],"iteration":206,"passed_time":0.2665114737,"remaining_time":1.020983568},
{"learn":[4.957750098],"iteration":207,"passed_time":0.2674252101,"remaining_time":1.018272916},
{"learn":[4.952870519],"iteration":208,"passed_time":0.26831785,"remaining_time":1.015499614},
{"learn":[4.949686714],"iteration":209,"passed_time":0.2692523625,"remaining_time":1.012901745},
{"learn":[4.946099214],"iteration":210,"passed_time":0.2701843023,"remaining_time":1.010310022},
{"learn":[4.94222292],"iteration":211,"passed_time":0.2744364278,"remaining_time":1.020075024},
{"learn":[4.939217847],"iteration":212,"passed_time":0.2754637755,"remaining_time":1.017793387},
{"learn":[4.934259073],"iteration":213,"passed_time":0.2763907265,"remaining_time":1.015154724},
{"learn":[4.931630526],"iteration":214,"passed_time":0.2773021136,"remaining_time":1.012475159},
{"learn":[4.927739993],"iteration":215,"passed_time":0.2782221914,"remaining_time":1.00984351},
{"learn":[4.925205587],"iteration":216,"passed_time":0.2801528042,"remaining_time":1.010873943},
{"learn":[4.922480079],"iteration":217,"passed_time":0.2814681527,"remaining_time":1.009670163},
{"learn":[4.91880154],"iteration":218,"passed_time":0.2824276034,"remaining_time":1.007196156},
{"learn":[4.91674913],"iteration":219,"passed_time":0.2833883537,"remaining_time":1.004740527},
{"learn":[4.914651123],"iteration":220,"passed_time":0.2843377571,"remaining_time":1.002258429},
{"learn":[4.911679663],"iteration":221,"passed_time":0.2852703979,"remaining_time":0.9997313945},
{"learn":[4.906695704],"iteration":222,"passed_time":0.2865143383,"remaining_time":0.9983033221},
{"learn":[4.905961659],"iteration":223,"passed_time":0.2909324403,"remaining_time":1.007873097},
{"learn":[4.901484821],"iteration":224,"passed_time":0.292479738,"remaining_time":1.007430209},
{"learn":[4.898032889],"iteration":225,"passed_time":0.2947091801,"remaining_time":1.009313741},
{"learn":[4.894361022],"iteration":226,"passed_time":0.2970110259,"remaining_time":1.01140759},
{"learn":[4.890341812],"iteration":227,"passed_time":0.298542042,"remaining_time":1.010852879},
{"learn":[4.886855468],"iteration":228,"passed_time":0.2999832029,"remaining_time":1.009987115},
{"learn":[4.8819328],"iteration":229,"passed_time":0.301549803,"remaining_time":1.009536297},
{"learn":[4.879627771],"iteration":230,"passed_time":0.3065784534,"remaining_time":1.020600999},
{"learn":[4.87703908],"iteration":231,"passed_time":0.3082597103,"remaining_time":1.020445938},
{"learn":[4.873296477],"iteration":232,"passed_time":0.3101632457,"remaining_time":1.021009483},
{"learn":[4.871693619],"iteration":233,"passed_time":0.3118331309,"remaining_time":1.020787087},
{"learn":[4.86794865],"iteration":234,"passed_time":0.3133660695,"remaining_time":1.020106567},
{"learn":[4.864602268],"iteration":235,"passed_time":0.3148438272,"remaining_time":1.019240186},
{"learn":[4.860951318],"iteration":236,"passed_time":0.3162764694,"remaining_time":1.018223402},
{"learn":[4.858674007],"iteration":237,"passed_time":0.3185059825,"remaining_time":1.019754448},
{"learn":[4.855715428],"iteration":238,"passed_time":0.3269898835,"remaining_time":1.041168625},
{"learn":[4.852729455],"iteration":239,"passed_time":0.3285237893,"remaining_time":1.040325333},
{"learn":[4.849276751],"iteration":240,"passed_time":0.3294688374,"remaining_time":1.037621774},
{"learn":[4.848366663],"iteration":241,"passed_time":0.3303558697,"remaining_time":1.03475103},
{"learn":[4.845185166],"iteration":242,"passed_time":0.3312873379,"remaining_time":1.03203504},
{"learn":[4.841646461],"iteration":243,"passed_time":0.3325160622,"remaining_time":1.030254685},
{"learn":[4.839329744],"iteration":244,"passed_time":0.3342440147,"remaining_time":1.03001727},
{"learn":[4.837587387],"iteration":245,"passed_time":0.3394629322,"remaining_time":1.040467687},
{"learn":[4.834045111],"iteration":246,"passed_time":0.3412686256,"remaining_time":1.040385729},
{"learn":[4.831203605],"iteration":247,"passed_time":0.3433749076,"remaining_time":1.041201333},
{"learn":[4.828017583],"iteration":248,"passed_time":0.3452043684,"remaining_time":1.041158557},
{"learn":[4.822495878],"iteration":249,"passed_time":0.3887831395,"remaining_time":1.166349418},
{"learn":[4.819256119],"iteration":250,"passed_time":0.3959573169,"remaining_time":1.181561874},
{"learn":[4.816480197],"iteration":251,"passed_time":0.4008653042,"remaining_time":1.18987003},
{"learn":[4.814099275],"iteration":252,"passed_time":0.4087058797,"remaining_time":1.20673238},
{"learn":[4.809208669],"iteration":253,"passed_time":0.4124900647,"remaining_time":1.211486568},
{"learn":[4.805275903],"iteration":254,"passed_time":0.4152045858,"remaining_time":1.213048692},
{"learn":[4.801284692],"iteration":255,"passed_time":0.421976224,"remaining_time":1.226368401},
{"learn":[4.799824316],"iteration":256,"passed_time":0.4544273704,"remaining_time":1.313772514},
{"learn":[4.798769304],"iteration":257,"passed_time":0.4569751745,"remaining_time":1.314246432},
{"learn":[4.795032376],"iteration":258,"passed_time":0.4610886897,"remaining_time":1.319176522},
{"learn":[4.791759337],"iteration":259,"passed_time":0.4635846276,"remaining_time":1.319433171},
{"learn":[4.787226641],"iteration":260,"passed_time":0.4660708205,"remaining_time":1.319641135},
{"learn":[4.783694508],"iteration":261,"passed_time":0.4701913467,"remaining_time":1.324432114},
{"learn":[4.778986005],"iteration":262,"passed_time":0.4730909195,"remaining_time":1.325733869},
{"learn":[4.774331076],"iteration":263,"passed_time":0.4762949233,"remaining_time":1.327852513},
{"learn":[4.772585811],"iteration":264,"passed_time":0.4788604184,"remaining_time":1.328160028},
{"learn":[4.771490602],"iteration":265,"passed_time":0.4813739756,"remaining_time":1.328302625},
{"learn":[4.767932534],"iteration":266,"passed_time":0.4881150407,"remaining_time":1.340031179},
{"learn":[4.765702597],"iteration":267,"passed_time":0.4916200813,"remaining_time":1.342783207},
{"learn":[4.763278698],"iteration":268,"passed_time":0.4941895973,"remaining_time":1.342946452},
{"learn":[4.759472836],"iteration":269,"passed_time":0.496688843,"remaining_time":1.342899464},
{"learn":[4.756677026],"iteration":270,"passed_time":0.501176586,"remaining_time":1.34818351},
{"learn":[4.753783226],"iteration":271,"passed_time":0.5069302795,"remaining_time":1.356783983},
{"learn":[4.750824005],"iteration":272,"passed_time":0.5095781673,"remaining_time":1.357008526},
{"learn":[4.746681817],"iteration":273,"passed_time":0.5122077901,"remaining_time":1.357163707},
{"learn":[4.743139091],"iteration":274,"passed_time":0.5162986796,"remaining_time":1.361151065},
{"learn":[4.740221915],"iteration":275,"passed_time":0.5190465714,"remaining_time":1.361556948},
{"learn":[4.736676355],"iteration":276,"passed_time":0.5229029499,"remaining_time":1.364833331},
{"learn":[4.734770823],"iteration":277,"passed_time":0.5255016163,"remaining_time":1.364791967},
{"learn":[4.729997784],"iteration":278,"passed_time":0.5326994836,"remaining_time":1.376617662},
{"learn":[4.727370934],"iteration":279,"passed_time":0.5373187021,"remaining_time":1.381676663},
{"learn":[4.725271382],"iteration":280,"passed_time":0.5399713212,"remaining_time":1.381634804},
{"learn":[4.722484449],"iteration":281,"passed_time":0.5425319218,"remaining_time":1.381340141},
{"learn":[4.718724959],"iteration":282,"passed_time":0.5451904006,"remaining_time":1.381277446},
{"learn":[4.716088846],"iteration":283,"passed_time":0.549275415,"remaining_time":1.384792948},
{"learn":[4.714109938],"iteration":284,"passed_time":0.5519747777,"remaining_time":1.384778828},
{"learn":[4.710519653],"iteration":285,"passed_time":0.5550002091,"remaining_time":1.385559963},
{"learn":[4.709243348],"iteration":286,"passed_time":0.557607037,"remaining_time":1.385274625},
{"learn":[4.703195325],"iteration":287,"passed_time":0.560176947,"remaining_time":1.384881897},
{"learn":[4.697277373],"iteration":288,"passed_time":0.5709133172,"remaining_time":1.404565289},
{"learn":[4.695077354],"iteration":289,"passed_time":0.573798753,"remaining_time":1.404817637},
{"learn":[4.693013668],"iteration":290,"passed_time":0.5753884871,"remaining_time":1.401891537},
{"learn":[4.688274061],"iteration":291,"passed_time":0.577364685,"remaining_time":1.399911633},
{"learn":[4.686142433],"iteration":292,"passed_time":0.5807837509,"remaining_time":1.401413351},
{"learn":[4.684355931],"iteration":293,"passed_time":0.5826273307,"remaining_time":1.399098284},
{"learn":[4.683575163],"iteration":294,"passed_time":0.5841421267,"remaining_time":1.396000676},
{"learn":[4.680854588],"iteration":295,"passed_time":0.585650461,"remaining_time":1.392898394},
{"learn":[4.679243022],"iteration":296,"passed_time":0.5871653714,"remaining_time":1.389822411},
{"learn":[4.677183289],"iteration":297,"passed_time":0.5889215584,"remaining_time":1.387325282},
{"learn":[4.676769506],"iteration":298,"passed_time":0.5903494914,"remaining_time":1.384063523},
{"learn":[4.674296997],"iteration":299,"passed_time":0.6162816732,"remaining_time":1.437990571},
{"learn":[4.671710525],"iteration":300,"passed_time":0.6189848562,"remaining_time":1.437443237},
{"learn":[4.666792568],"iteration":301,"passed_time":0.624999189,"remaining_time":1.444534549},
{"learn":[4.663815225],"iteration":302,"passed_time":0.6322118382,"remaining_time":1.454295879},
{"learn":[4.659482444],"iteration":303,"passed_time":0.6351068168,"remaining_time":1.454060344},
{"learn":[4.655269746],"iteration":304,"passed_time":0.6367212282,"remaining_time":1.450889356},
{"learn":[4.653601457],"iteration":305,"passed_time":0.6384725622,"remaining_time":1.448039079},
{"learn":[4.650857893],"iteration":306,"passed_time":0.6416562608,"remaining_time":1.448429279},
{"learn":[4.648593833],"iteration":307,"passed_time":0.6458309845,"remaining_time":1.451022861},
{"learn":[4.643494388],"iteration":308,"passed_time":0.6473405201,"remaining_time":1.447612619},
{"learn":[4.641250778],"iteration":309,"passed_time":0.6487561664,"remaining_time":1.444005661},
{"learn":[4.638171337],"iteration":310,"passed_time":0.6502079665,"remaining_time":1.44049289},
{"learn":[4.635142908],"iteration":311,"passed_time":0.6535311885,"remaining_time":1.441120057},
{"learn":[4.631430748],"iteration":312,"passed_time":0.6558058993,"remaining_time":1.439420616},
{"learn":[4.629326047],"iteration":313,"passed_time":0.6579551255,"remaining_time":1.437443363},
{"learn":[4.627813521],"iteration":314,"passed_time":0.661347189,"remaining_time":1.438167697},
{"learn":[4.62598398],"iteration":315,"passed_time":0.6634280125,"remaining_time":1.436027723},
{"learn":[4.623361164],"iteration":316,"passed_time":0.6643643217,"remaining_time":1.431422182},
{"learn":[4.617544203],"iteration":317,"passed_time":0.6653011413,"remaining_time":1.426840813},
{"learn":[4.613733474],"iteration":318,"passed_time":0.6662380961,"remaining_time":1.422282581},
{"learn":[4.610709915],"iteration":319,"passed_time":0.6672557463,"remaining_time":1.417918461},
{"learn":[4.608743104],"iteration":320,"passed_time":0.6682149334,"remaining_time":1.413451526},
{"learn":[4.6074477],"iteration":321,"passed_time":0.6691408964,"remaining_time":1.408936422},
{"learn":[4.605975627],"iteration":322,"passed_time":0.6700746838,"remaining_time":1.404459941},
{"learn":[4.602358205],"iteration":323,"passed_time":0.6710239233,"remaining_time":1.400037568},
{"learn":[4.599059413],"iteration":324,"passed_time":0.6719579695,"remaining_time":1.395605014},
{"learn":[4.596029741],"iteration":325,"passed_time":0.6729022282,"remaining_time":1.391215036},
{"learn":[4.593042958],"iteration":326,"passed_time":0.6738381201,"remaining_time":1.386828914},
{"learn":[4.587203924],"iteration":327,"passed_time":0.6756793078,"remaining_time":1.384318582},
{"learn":[4.585941765],"iteration":328,"passed_time":0.6771640498,"remaining_time":1.381085342},
{"learn":[4.583142167],"iteration":329,"passed_time":0.6781897399,"remaining_time":1.376930684},
{"learn":[4.579822127],"iteration":330,"passed_time":0.6791335296,"remaining_time":1.3726294},
{"learn":[4.576724205],"iteration":331,"passed_time":0.680093385,"remaining_time":1.368380666},
{"learn":[4.573104813],"iteration":332,"passed_time":0.681063935,"remaining_time":1.364173107},
{"learn":[4.571321681],"iteration":333,"passed_time":0.6819735308,"remaining_time":1.359863388},
{"learn":[4.568252273],"iteration":334,"passed_time":0.6835188632,"remaining_time":1.356835952},
{"learn":[4.562404898],"iteration":335,"passed_time":0.6846199396,"remaining_time":1.352939404},
{"learn":[4.55894547],"iteration":336,"passed_time":0.6856035022,"remaining_time":1.348828255},
{"learn":[4.556116012],"iteration":337,"passed_time":0.6865434229,"remaining_time":1.344650136},
{"learn":[4.55217641],"iteration":338,"passed_time":0.6876449502,"remaining_time":1.34080623},
{"learn":[4.550113002],"iteration":339,"passed_time":0.6885956064,"remaining_time":1.336685589},
{"learn":[4.549672417],"iteration":340,"passed_time":0.6894694449,"remaining_time":1.332435086},
{"learn":[4.544542728],"iteration":341,"passed_time":0.690400188,"remaining_time":1.328313812},
{"learn":[4.543693509],"iteration":342,"passed_time":0.6912869086,"remaining_time":1.324126819},
{"learn":[4.540702704],"iteration":343,"passed_time":0.6921999848,"remaining_time":1.320009273},
{"learn":[4.537508512],"iteration":344,"passed_time":0.6931236427,"remaining_time":1.315930394},
{"learn":[4.532145839],"iteration":345,"passed_time":0.6940203925,"remaining_time":1.311818892},
{"learn":[4.529982242],"iteration":346,"passed_time":0.6949377103,"remaining_time":1.307764625},
{"learn":[4.527097245],"iteration":347,"passed_time":0.695859944,"remaining_time":1.303737596},
{"learn":[4.523194042],"iteration":348,"passed_time":0.6967795228,"remaining_time":1.299723408},
{"learn":[4.519758885],"iteration":349,"passed_time":0.6977117857,"remaining_time":1.295750459},
{"learn":[4.51673462],"iteration":350,"passed_time":0.6998951872,"remaining_time":1.294108195},
{"learn":[4.512336718],"iteration":351,"passed_time":0.701489351,"remaining_time":1.291378123},
{"learn":[4.509380695],"iteration":352,"passed_time":0.7029264931,"remaining_time":1.288366688},
{"learn":[4.506881226],"iteration":353,"passed_time":0.7044830613,"remaining_time":1.285582084},
{"learn":[4.503619118],"iteration":354,"passed_time":0.7058028201,"remaining_time":1.282374138},
{"learn":[4.502298777],"iteration":355,"passed_time":0.7067243588,"remaining_time":1.278456424},
{"learn":[4.498645714],"iteration":356,"passed_time":0.7076675981,"remaining_time":1.274594581},
{"learn":[4.498272843],"iteration":357,"passed_time":0.7085178911,"remaining_time":1.270582363},
{"learn":[4.495349234],"iteration":358,"passed_time":0.709404993,"remaining_time":1.266653483},
{"learn":[4.493253934],"iteration":359,"passed_time":0.7103038559,"remaining_time":1.262762411},
{"learn":[4.489144723],"iteration":360,"passed_time":0.7112049978,"remaining_time":1.258891949},
{"learn":[4.485652055],"iteration":361,"passed_time":0.7121098623,"remaining_time":1.255044453},
{"learn":[4.481109108],"iteration":362,"passed_time":0.7130039859,"remaining_time":1.251194322},
{"learn":[4.478011889],"iteration":363,"passed_time":0.7139657704,"remaining_time":1.247478654},
{"learn":[4.475061334],"iteration":364,"passed_time":0.7157024295,"remaining_time":1.245126145},
{"learn":[4.471961465],"iteration":365,"passed_time":0.7172129224,"remaining_time":1.242385226},
{"learn":[4.468408514],"iteration":366,"passed_time":0.7182382619,"remaining_time":1.238814223},
{"learn":[4.464562859],"iteration":367,"passed_time":0.7193752341,"remaining_time":1.235448772},
{"learn":[4.461449095],"iteration":368,"passed_time":0.7205544654,"remaining_time":1.232167663},
{"learn":[4.459780435],"iteration":369,"passed_time":0.7214517296,"remaining_time":1.22841781},
{"learn":[4.45685082],"iteration":370,"passed_time":0.7223978024,"remaining_time":1.224766086},
{"learn":[4.45476145],"iteration":371,"passed_time":0.7233155972,"remaining_time":1.221081169},
{"learn":[4.450314427],"iteration":372,"passed_time":0.724242009,"remaining_time":1.217425575},
{"learn":[4.449654931],"iteration":373,"passed_time":0.7251178677,"remaining_time":1.21369996},
{"learn":[4.446599873],"iteration":374,"passed_time":0.7260280487,"remaining_time":1.210046748},
{"learn":[4.443518197],"iteration":375,"passed_time":0.7269271197,"remaining_time":1.206389688},
{"learn":[4.440974998],"iteration":376,"passed_time":0.7278375924,"remaining_time":1.202766101},
{"learn":[4.436938372],"iteration":377,"passed_time":0.7287314471,"remaining_time":1.199129524},
{"learn":[4.434262998],"iteration":378,"passed_time":0.7297781741,"remaining_time":1.195757905},
{"learn":[4.433130064],"iteration":379,"passed_time":0.7312774371,"remaining_time":1.193136871},
{"learn":[4.429599549],"iteration":380,"passed_time":0.7324735387,"remaining_time":1.190029188},
{"learn":[4.428423379],"iteration":381,"passed_time":0.7333989665,"remaining_time":1.186493616},
{"learn":[4.426355274],"iteration":382,"passed_time":0.7343601376,"remaining_time":1.183029256},
{"learn":[4.424238511],"iteration":383,"passed_time":0.7354912848,"remaining_time":1.179850603},
{"learn":[4.421345848],"iteration":384,"passed_time":0.7364127934,"remaining_time":1.176347709},
{"learn":[4.418527573],"iteration":385,"passed_time":0.7373168946,"remaining_time":1.172830501},
{"learn":[4.415126903],"iteration":386,"passed_time":0.738228154,"remaining_time":1.169338135},
{"learn":[4.412414559],"iteration":387,"passed_time":0.739141481,"remaining_time":1.165862336},
{"learn":[4.408648565],"iteration":388,"passed_time":0.7400770739,"remaining_time":1.162434684},
{"learn":[4.405896982],"iteration":389,"passed_time":0.7414522449,"remaining_time":1.159707357},
{"learn":[4.404348579],"iteration":390,"passed_time":0.742964614,"remaining_time":1.157200639},
{"learn":[4.400901197],"iteration":391,"passed_time":0.7442022785,"remaining_time":1.154272922},
{"learn":[4.397200977],"iteration":392,"passed_time":0.7451252207,"remaining_time":1.150867707},
{"learn":[4.395119897],"iteration":393,"passed_time":0.7487165865,"remaining_time":1.151579318},
{"learn":[4.392834334],"iteration":394,"passed_time":0.7503674408,"remaining_time":1.149296966},
{"learn":[4.390648671],"iteration":395,"passed_time":0.7514569207,"remaining_time":1.146161566},
{"learn":[4.389384459],"iteration":396,"passed_time":0.7523588152,"remaining_time":1.142751551},
{"learn":[4.387103022],"iteration":397,"passed_time":0.7532605244,"remaining_time":1.139353858},
{"learn":[4.383757955],"iteration":398,"passed_time":0.754186272,"remaining_time":1.136004886},
{"learn":[4.382461053],"iteration":399,"passed_time":0.7550942416,"remaining_time":1.132641362},
{"learn":[4.378457425],"iteration":400,"passed_time":0.7560031189,"remaining_time":1.129291442},
{"learn":[4.375981112],"iteration":401,"passed_time":0.756918644,"remaining_time":1.125963555},
{"learn":[4.373111997],"iteration":402,"passed_time":0.7578246865,"remaining_time":1.122633593},
{"learn":[4.371395093],"iteration":403,"passed_time":0.7587094237,"remaining_time":1.119284199},
{"learn":[4.369887785],"iteration":404,"passed_time":0.7596050658,"remaining_time":1.115962998},
{"learn":[4.365576713],"iteration":405,"passed_time":0.7605170329,"remaining_time":1.112677629},
{"learn":[4.361077794],"iteration":406,"passed_time":0.7631764428,"remaining_time":1.111949952},
{"learn":[4.359053252],"iteration":407,"passed_time":0.7658218582,"remaining_time":1.1111925},
{"learn":[4.355151794],"iteration":408,"passed_time":0.7676842729,"remaining_time":1.109294389},
{"learn":[4.352026186],"iteration":409,"passed_time":0.7686740779,"remaining_time":1.106140746},
{"learn":[4.351330391],"iteration":410,"passed_time":0.7695999366,"remaining_time":1.102905992},
{"learn":[4.349739044],"iteration":411,"passed_time":0.7704916714,"remaining_time":1.099633745},
{"learn":[4.346373092],"iteration":412,"passed_time":0.7713844518,"remaining_time":1.096374511},
{"learn":[4.344236604],"iteration":413,"passed_time":0.7722799801,"remaining_time":1.0931306},
{"learn":[4.340326915],"iteration":414,"passed_time":0.773191192,"remaining_time":1.089920114},
{"learn":[4.33741795],"iteration":415,"passed_time":0.7741179089,"remaining_time":1.086742449},
{"learn":[4.33554704],"iteration":416,"passed_time":0.77502987,"remaining_time":1.08355495},
{"learn":[4.332490713],"iteration":417,"passed_time":0.7759315243,"remaining_time":1.080363988},
{"learn":[4.33052575],"iteration":418,"passed_time":0.7774892678,"remaining_time":1.07809371},
{"learn":[4.327462126],"iteration":419,"passed_time":0.7789289271,"remaining_time":1.075663756},
{"learn":[4.326002374],"iteration":420,"passed_time":0.7799644577,"remaining_time":1.07268271},
{"learn":[4.323030993],"iteration":421,"passed_time":0.7809423023,"remaining_time":1.069631874},
{"learn":[4.321267276],"iteration":422,"passed_time":0.7820070535,"remaining_time":1.066709385},
{"learn":[4.319387347],"iteration":423,"passed_time":0.782941665,"remaining_time":1.063618866},
{"learn":[4.316073239],"iteration":424,"passed_time":0.7838375345,"remaining_time":1.060486076},
{"learn":[4.314410913],"iteration":425,"passed_time":0.7847687305,"remaining_time":1.057411388},
{"learn":[4.310780889],"iteration":426,"passed_time":0.7857160903,"remaining_time":1.05436843},
{"learn":[4.306443561],"iteration":427,"passed_time":0.7866423329,"remaining_time":1.051307043},
{"learn":[4.304536211],"iteration":428,"passed_time":0.7875744158,"remaining_time":1.048263383},
{"learn":[4.302403654],"iteration":429,"passed_time":0.7884773652,"remaining_time":1.045190926},
{"learn":[4.300328879],"iteration":430,"passed_time":0.7893916816,"remaining_time":1.042143542},
{"learn":[4.297360167],"iteration":431,"passed_time":0.7903240582,"remaining_time":1.03912978},
{"learn":[4.295697977],"iteration":432,"passed_time":0.79126825,"remaining_time":1.036141103},
{"learn":[4.291951881],"iteration":433,"passed_time":0.7921811957,"remaining_time":1.033121099},
{"learn":[4.290091403],"iteration":434,"passed_time":0.7941249976,"remaining_time":1.03144971},
{"learn":[4.288934337],"iteration":435,"passed_time":0.7952263075,"remaining_time":1.028687242},
{"learn":[4.286384943],"iteration":436,"passed_time":0.7962003058,"remaining_time":1.025768357},
{"learn":[4.282776855],"iteration":437,"passed_time":0.7973984363,"remaining_time":1.023145939},
{"learn":[4.278421983],"iteration":438,"passed_time":0.7983838438,"remaining_time":1.020258169},
{"learn":[4.278309811],"iteration":439,"passed_time":0.7990313133,"remaining_time":1.016948944},
{"learn":[4.275815409],"iteration":440,"passed_time":0.7999751439,"remaining_time":1.01402745},
{"learn":[4.272846287],"iteration":441,"passed_time":0.8009154152,"remaining_time":1.011110411},
{"learn":[4.269873069],"iteration":442,"passed_time":0.8018662266,"remaining_time":1.008215549},
{"learn":[4.266071661],"iteration":443,"passed_time":0.8027986126,"remaining_time":1.005306371},
{"learn":[4.262197299],"iteration":444,"passed_time":0.8037925737,"remaining_time":1.002482873},
{"learn":[4.259502949],"iteration":445,"passed_time":0.8047526578,"remaining_time":0.9996254987},
{"learn":[4.257218979],"iteration":446,"passed_time":0.805659135,"remaining_time":0.9967102945},
{"learn":[4.254694857],"iteration":447,"passed_time":0.8066065624,"remaining_time":0.9938545144},
{"learn":[4.25177229],"iteration":448,"passed_time":0.8075738354,"remaining_time":0.9910315887},
{"learn":[4.24969522],"iteration":449,"passed_time":0.8092581413,"remaining_time":0.9890932838},
{"learn":[4.244821403],"iteration":450,"passed_time":0.810746555,"remaining_time":0.9869176467},
{"learn":[4.242351075],"iteration":451,"passed_time":0.8117104111,"remaining_time":0.9841090825},
{"learn":[4.240275821],"iteration":452,"passed_time":0.813332077,"remaining_time":0.9821029716},
{"learn":[4.238770078],"iteration":453,"passed_time":0.8157644725,"remaining_time":0.9810735726},
{"learn":[4.23706535],"iteration":454,"passed_time":0.816882385,"remaining_time":0.9784635161},
{"learn":[4.233771804],"iteration":455,"passed_time":0.8178613742,"remaining_time":0.9756942709},
{"learn":[4.230150927],"iteration":456,"passed_time":0.8187978292,"remaining_time":0.9728823222},
{"learn":[4.227770801],"iteration":457,"passed_time":0.8197469744,"remaining_time":0.9700935811},
{"learn":[4.224254759],"iteration":458,"passed_time":0.8207139859,"remaining_time":0.9673339136},
{"learn":[4.2230374],"iteration":459,"passed_time":0.8216622862,"remaining_time":0.9645600751},
{"learn":[4.220211171],"iteration":460,"passed_time":0.8226109939,"remaining_time":0.9617946328},
{"learn":[4.215262284],"iteration":461,"passed_time":0.8235751558,"remaining_time":0.9590550515},
{"learn":[4.214069347],"iteration":462,"passed_time":0.8264458364,"remaining_time":0.9585343718},
{"learn":[4.211719987],"iteration":463,"passed_time":0.8280218396,"remaining_time":0.9565079871},
{"learn":[4.209753949],"iteration":464,"passed_time":0.8296242753,"remaining_time":0.9545139511},
{"learn":[4.207634545],"iteration":465,"passed_time":0.8312510015,"remaining_time":0.9525494309},
{"learn":[4.204688511],"iteration":466,"passed_time":0.8322572701,"remaining_time":0.9498782119},
{"learn":[4.201488327],"iteration":467,"passed_time":0.8331792971,"remaining_time":0.9471183463},
{"learn":[4.199364454],"iteration":468,"passed_time":0.834092578,"remaining_time":0.9443564156},
{"learn":[4.19464281],"iteration":469,"passed_time":0.8349941186,"remaining_time":0.9415891125},
{"learn":[4.193073704],"iteration":470,"passed_time":0.8359252149,"remaining_time":0.9388629271},
{"learn":[4.190256957],"iteration":471,"passed_time":0.8368484674,"remaining_time":0.9361355737},
{"learn":[4.18797524],"iteration":472,"passed_time":0.8377354128,"remaining_time":0.9333753965},
{"learn":[4.185292841],"iteration":473,"passed_time":0.8386596412,"remaining_time":0.9306644964},
{"learn":[4.181990339],"iteration":474,"passed_time":0.8395717816,"remaining_time":0.9279477586},
{"learn":[4.179201912],"iteration":475,"passed_time":0.8422676218,"remaining_time":0.9272021719},
{"learn":[4.177758928],"iteration":476,"passed_time":0.8451589976,"remaining_time":0.9266628003},
{"learn":[4.175176248],"iteration":477,"passed_time":0.8500538914,"remaining_time":0.9283015299},
{"learn":[4.17252171],"iteration":478,"passed_time":0.8528054187,"remaining_time":0.9275816768},
{"learn":[4.170309164],"iteration":479,"passed_time":0.8551988548,"remaining_time":0.926465426},
{"learn":[4.167678855],"iteration":480,"passed_time":0.8597623988,"remaining_time":0.9276854158},
{"learn":[4.164021345],"iteration":481,"passed_time":0.8630257802,"remaining_time":0.9274841372},
{"learn":[4.160245834],"iteration":482,"passed_time":0.8649461718,"remaining_time":0.9258326518},
{"learn":[4.158392236],"iteration":483,"passed_time":0.8659608929,"remaining_time":0.9232145056},
{"learn":[4.157055928],"iteration":484,"passed_time":0.8669689822,"remaining_time":0.9205959296},
{"learn":[4.153844809],"iteration":485,"passed_time":0.8679098662,"remaining_time":0.9179129038},
{"learn":[4.152769809],"iteration":486,"passed_time":0.8688732555,"remaining_time":0.9152607393},
{"learn":[4.148548167],"iteration":487,"passed_time":0.8698419566,"remaining_time":0.9126210693},
{"learn":[4.145943973],"iteration":488,"passed_time":0.8708073025,"remaining_time":0.9099847271},
{"learn":[4.141107572],"iteration":489,"passed_time":0.8719413481,"remaining_time":0.9075307909},
{"learn":[4.135934158],"iteration":490,"passed_time":0.8755646403,"remaining_time":0.907662733},
{"learn":[4.133861605],"iteration":491,"passed_time":0.8772589579,"remaining_time":0.9057877045},
{"learn":[4.129660076],"iteration":492,"passed_time":0.8784289247,"remaining_time":0.903374168},
{"learn":[4.126255274],"iteration":493,"passed_time":0.8793862568,"remaining_time":0.9007478663},
{"learn":[4.12467159],"iteration":494,"passed_time":0.8803303449,"remaining_time":0.8981147963},
{"learn":[4.122452506],"iteration":495,"passed_time":0.8812637671,"remaining_time":0.8954776988},
{"learn":[4.119974942],"iteration":496,"passed_time":0.8821924753,"remaining_time":0.8928426863},
{"learn":[4.119119592],"iteration":497,"passed_time":0.8831064673,"remaining_time":0.8901996919},
{"learn":[4.11610374],"iteration":498,"passed_time":0.8840220767,"remaining_time":0.8875652513},
{"learn":[4.114649435],"iteration":499,"passed_time":0.884930453,"remaining_time":0.884930453},
{"learn":[4.112100961],"iteration":500,"passed_time":0.8858278443,"remaining_time":0.8822916054},
{"learn":[4.110572557],"iteration":501,"passed_time":0.8867734341,"remaining_time":0.8797075103},
{"learn":[4.10819931],"iteration":502,"passed_time":0.8879169289,"remaining_time":0.8773254745},
{"learn":[4.105234626],"iteration":503,"passed_time":0.8895026656,"remaining_time":0.8753835757},
{"learn":[4.10217678],"iteration":504,"passed_time":0.8913450614,"remaining_time":0.8736946642},
{"learn":[4.100399155],"iteration":505,"passed_time":0.8922714933,"remaining_time":0.8711109045},
{"learn":[4.09873583],"iteration":506,"passed_time":0.8931796442,"remaining_time":0.8685159065},
{"learn":[4.096432305],"iteration":507,"passed_time":0.8941106716,"remaining_time":0.8659497056},
{"learn":[4.094509222],"iteration":508,"passed_time":0.8950569431,"remaining_time":0.8634046347},
{"learn":[4.090489606],"iteration":509,"passed_time":0.8959729271,"remaining_time":0.8608367339},
{"learn":[4.088096327],"iteration":510,"passed_time":0.8968991523,"remaining_time":0.8582850988},
{"learn":[4.086059243],"iteration":511,"passed_time":0.8978052918,"remaining_time":0.8557206687},
{"learn":[4.084178685],"iteration":512,"passed_time":0.8987444145,"remaining_time":0.8531940153},
{"learn":[4.080361293],"iteration":513,"passed_time":0.8996380966,"remaining_time":0.8506305738},
{"learn":[4.078668165],"iteration":514,"passed_time":0.9005293505,"remaining_time":0.84807133},
{"learn":[4.076852626],"iteration":515,"passed_time":0.9014249437,"remaining_time":0.8455226216},
{"learn":[4.074514671],"iteration":516,"passed_time":0.9023599953,"remaining_time":0.8430171716},
{"learn":[4.069699758],"iteration":517,"passed_time":0.9033055745,"remaining_time":0.8405275809},
{"learn":[4.068093936],"iteration":518,"passed_time":0.9049665376,"remaining_time":0.8387069452},
{"learn":[4.065089916],"iteration":519,"passed_time":0.9064700696,"remaining_time":0.8367416027},
{"learn":[4.063264688],"iteration":520,"passed_time":0.9075287991,"remaining_time":0.8343690879},
{"learn":[4.06083637],"iteration":521,"passed_time":0.9085159666,"remaining_time":0.8319360767},
{"learn":[4.057094831],"iteration":522,"passed_time":0.9094766253,"remaining_time":0.8294844173},
{"learn":[4.053237474],"iteration":523,"passed_time":0.9104320831,"remaining_time":0.8270337243},
{"learn":[4.050531258],"iteration":524,"passed_time":0.9113827655,"remaining_time":0.8245844069},
{"learn":[4.047059034],"iteration":525,"passed_time":0.9123496351,"remaining_time":0.8221553746},
{"learn":[4.043897348],"iteration":526,"passed_time":0.9134264062,"remaining_time":0.8198305315},
{"learn":[4.041233605],"iteration":527,"passed_time":0.9143441361,"remaining_time":0.8173682428},
{"learn":[4.038030756],"iteration":528,"passed_time":0.9152666608,"remaining_time":0.8149160628},
{"learn":[4.03646573],"iteration":529,"passed_time":0.9161672053,"remaining_time":0.8124501632},
{"learn":[4.032521969],"iteration":530,"passed_time":0.9171074518,"remaining_time":0.8100252258},
{"learn":[4.031498743],"iteration":531,"passed_time":0.9180116936,"remaining_time":0.8075741966},
{"learn":[4.028635568],"iteration":532,"passed_time":0.9189201073,"remaining_time":0.8051326269},
{"learn":[4.024545654],"iteration":533,"passed_time":0.9208668659,"remaining_time":0.8036029204},
{"learn":[4.020360151],"iteration":534,"passed_time":0.9227381779,"remaining_time":0.8020060799},
{"learn":[4.016665629],"iteration":535,"passed_time":0.9237223874,"remaining_time":0.7996402757},
{"learn":[4.014714117],"iteration":536,"passed_time":0.9246839157,"remaining_time":0.7972600614},
{"learn":[4.011255623],"iteration":537,"passed_time":0.9256694945,"remaining_time":0.7949057741},
{"learn":[4.007901788],"iteration":538,"passed_time":0.9266074907,"remaining_time":0.7925158687},
{"learn":[4.005908516],"iteration":539,"passed_time":0.9275641981,"remaining_time":0.7901472798},
{"learn":[4.003735929],"iteration":540,"passed_time":0.9285129165,"remaining_time":0.7877771325},
{"learn":[4.000521844],"iteration":541,"passed_time":0.9294746428,"remaining_time":0.7854232221},
{"learn":[3.99827573],"iteration":542,"passed_time":0.9304175115,"remaining_time":0.7830585686},
{"learn":[3.99659101],"iteration":543,"passed_time":0.9313601821,"remaining_time":0.7806989762},
{"learn":[3.995114141],"iteration":544,"passed_time":0.9322808847,"remaining_time":0.7783262432},
{"learn":[3.992463974],"iteration":545,"passed_time":0.9332102024,"remaining_time":0.7759659924},
{"learn":[3.990459825],"iteration":546,"passed_time":0.9341479745,"remaining_time":0.7736179752},
{"learn":[3.987507426],"iteration":547,"passed_time":0.9355632194,"remaining_time":0.7716689328},
{"learn":[3.986790138],"iteration":548,"passed_time":0.9376308811,"remaining_time":0.7702577912},
{"learn":[3.984940229],"iteration":549,"passed_time":0.9391739097,"remaining_time":0.768415017},
{"learn":[3.981957953],"iteration":550,"passed_time":0.940960118,"remaining_time":0.7667714936},
{"learn":[3.97921717],"iteration":551,"passed_time":0.9427243033,"remaining_time":0.7651095795},
{"learn":[3.975736506],"iteration":552,"passed_time":0.9442372732,"remaining_time":0.7632442335},
{"learn":[3.973963601],"iteration":553,"passed_time":0.9456251029,"remaining_time":0.761279415},
{"learn":[3.970949262],"iteration":554,"passed_time":0.9469788209,"remaining_time":0.7592893249},
{"learn":[3.967688245],"iteration":555,"passed_time":0.9483806157,"remaining_time":0.7573399161},
{"learn":[3.965851868],"iteration":556,"passed_time":0.9497672795,"remaining_time":0.7553804395},
{"learn":[3.96293576],"iteration":557,"passed_time":0.9525500382,"remaining_time":0.7545288833},
{"learn":[3.960158008],"iteration":558,"passed_time":0.954550039,"remaining_time":0.7530528931},
{"learn":[3.95605564],"iteration":559,"passed_time":0.9560134511,"remaining_time":0.7511534258},
{"learn":[3.955149288],"iteration":560,"passed_time":0.9573484766,"remaining_time":0.7491550468},
{"learn":[3.953009343],"iteration":561,"passed_time":0.958770396,"remaining_time":0.7472267499},
{"learn":[3.95079686],"iteration":562,"passed_time":0.9601803865,"remaining_time":0.7452909927},
{"learn":[3.948905722],"iteration":563,"passed_time":0.9615986469,"remaining_time":0.743363493},
{"learn":[3.944525446],"iteration":564,"passed_time":0.9629876024,"remaining_time":0.7414152337},
{"learn":[3.942298789],"iteration":565,"passed_time":0.9643480451,"remaining_time":0.7394470876},
{"learn":[3.939355311],"iteration":566,"passed_time":0.9657119166,"remaining_time":0.7374837035},
{"learn":[3.937340771],"iteration":567,"passed_time":0.9683389179,"remaining_time":0.7364831207},
{"learn":[3.935136846],"iteration":568,"passed_time":0.97113434,"remaining_time":0.7356043946},
{"learn":[3.93284698],"iteration":569,"passed_time":0.9734126002,"remaining_time":0.7343288036},
{"learn":[3.928856132],"iteration":570,"passed_time":0.9747730154,"remaining_time":0.7323601114},
{"learn":[3.926814843],"iteration":571,"passed_time":0.9761036629,"remaining_time":0.7303712722},
{"learn":[3.925510995],"iteration":572,"passed_time":0.9773626379,"remaining_time":0.7283313201},
{"learn":[3.923536484],"iteration":573,"passed_time":0.9787951912,"remaining_time":0.7264229119},
{"learn":[3.920832109],"iteration":574,"passed_time":0.9804316724,"remaining_time":0.7246668883},
{"learn":[3.919310772],"iteration":575,"passed_time":0.9818613633,"remaining_time":0.7227590591},
{"learn":[3.917588275],"iteration":576,"passed_time":0.9847967951,"remaining_time":0.7219567492},
{"learn":[3.913855808],"iteration":577,"passed_time":0.9862392825,"remaining_time":0.720057054},
{"learn":[3.911475355],"iteration":578,"passed_time":0.9877108761,"remaining_time":0.7181801016},
{"learn":[3.909465215],"iteration":579,"passed_time":0.9891931277,"remaining_time":0.7163122649},
{"learn":[3.907479089],"iteration":580,"passed_time":0.9905914354,"remaining_time":0.7143852176},
{"learn":[3.906159039],"iteration":581,"passed_time":0.9920641789,"remaining_time":0.7125134481},
{"learn":[3.9037757],"iteration":582,"passed_time":0.9934509638,"remaining_time":0.7105815642},
{"learn":[3.901942928],"iteration":583,"passed_time":0.9948299811,"remaining_time":0.7086460139},
{"learn":[3.899963583],"iteration":584,"passed_time":0.9962552933,"remaining_time":0.7067452081},
{"learn":[3.89752148],"iteration":585,"passed_time":0.9972165092,"remaining_time":0.7045181481},
{"learn":[3.895943193],"iteration":586,"passed_time":0.9981685823,"remaining_time":0.7022889684},
{"learn":[3.894267093],"iteration":587,"passed_time":1.00232069,"remaining_time":0.7023063341},
{"learn":[3.893379932],"iteration":588,"passed_time":1.003343032,"remaining_time":0.7001256135},
{"learn":[3.891740393],"iteration":589,"passed_time":1.004281949,"remaining_time":0.697890846},
{"learn":[3.890758257],"iteration":590,"passed_time":1.005206739,"remaining_time":0.6956506873},
{"learn":[3.887345765],"iteration":591,"passed_time":1.0061368,"remaining_time":0.6934186056},
{"learn":[3.884956002],"iteration":592,"passed_time":1.007679176,"remaining_time":0.6916111714},
{"learn":[3.882552234],"iteration":593,"passed_time":1.008859363,"remaining_time":0.6895570728},
{"learn":[3.881266122],"iteration":594,"passed_time":1.009833549,"remaining_time":0.687365693},
{"learn":[3.880631821],"iteration":595,"passed_time":1.010864946,"remaining_time":0.6852171784},
{"learn":[3.876322361],"iteration":596,"passed_time":1.01183783,"remaining_time":0.6830329067},
{"learn":[3.875719523],"iteration":597,"passed_time":1.012816972,"remaining_time":0.6808568942},
{"learn":[3.87272159],"iteration":598,"passed_time":1.013780827,"remaining_time":0.6786746436},
{"learn":[3.870495978],"iteration":599,"passed_time":1.017199318,"remaining_time":0.6781328787},
{"learn":[3.869060101],"iteration":600,"passed_time":1.018676276,"remaining_time":0.6762925696},
{"learn":[3.867713342],"iteration":601,"passed_time":1.020161107,"remaining_time":0.6744586719},
{"learn":[3.864319598],"iteration":602,"passed_time":1.02117221,"remaining_time":0.6723140422},
{"learn":[3.861217177],"iteration":603,"passed_time":1.022421772,"remaining_time":0.6703295063},
{"learn":[3.859202473],"iteration":604,"passed_time":1.023608494,"remaining_time":0.6683063722},
{"learn":[3.85792541],"iteration":605,"passed_time":1.024524583,"remaining_time":0.6661100425},
{"learn":[3.855254213],"iteration":606,"passed_time":1.025460321,"remaining_time":0.6639306527},
{"learn":[3.854052514],"iteration":607,"passed_time":1.026382711,"remaining_time":0.6617467481},
{"learn":[3.851824541],"iteration":608,"passed_time":1.027268073,"remaining_time":0.659543213},
{"learn":[3.848735779],"iteration":609,"passed_time":1.028194868,"remaining_time":0.6573704893},
{"learn":[3.846869229],"iteration":610,"passed_time":1.029086914,"remaining_time":0.6551797213},
{"learn":[3.844057536],"iteration":611,"passed_time":1.03267024,"remaining_time":0.6546994335},
{"learn":[3.842612565],"iteration":612,"passed_time":1.034269956,"remaining_time":0.6529567261},
{"learn":[3.840972805],"iteration":613,"passed_time":1.035812638,"remaining_time":0.6511786294},
{"learn":[3.838333826],"iteration":614,"passed_time":1.036775214,"remaining_time":0.6490381422},
{"learn":[3.835584545],"iteration":615,"passed_time":1.038246434,"remaining_time":0.6472185562},
{"learn":[3.832427676],"iteration":616,"passed_time":1.039241604,"remaining_time":0.6451045936},
{"learn":[3.82972451],"iteration":617,"passed_time":1.040219632,"remaining_time":0.6429836562},
{"learn":[3.826855809],"iteration":618,"passed_time":1.041198959,"remaining_time":0.6408672108},
{"learn":[3.82576626],"iteration":619,"passed_time":1.042147938,"remaining_time":0.638735833},
{"learn":[3.8229116],"iteration":620,"passed_time":1.04308432,"remaining_time":0.6366005754},
{"learn":[3.819273896],"iteration":621,"passed_time":1.044052063,"remaining_time":0.634488231},
{"learn":[3.816819557],"iteration":622,"passed_time":1.04550293,"remaining_time":0.6326719174},
{"learn":[3.814745406],"iteration":623,"passed_time":1.049248343,"remaining_time":0.6322393863},
{"learn":[3.811672753],"iteration":624,"passed_time":1.051141888,"remaining_time":0.6306851326},
{"learn":[3.81036426],"iteration":625,"passed_time":1.052991167,"remaining_time":0.6291033492},
{"learn":[3.809587582],"iteration":626,"passed_time":1.054717427,"remaining_time":0.6274475285},
{"learn":[3.806884261],"iteration":627,"passed_time":1.056104593,"remaining_time":0.6255906187},
{"learn":[3.803240179],"iteration":628,"passed_time":1.057509226,"remaining_time":0.6237455053},
{"learn":[3.801770752],"iteration":629,"passed_time":1.058509471,"remaining_time":0.6216642928},
{"learn":[3.800119384],"iteration":630,"passed_time":1.059475977,"remaining_time":0.6195667755},
{"learn":[3.799209515],"iteration":631,"passed_time":1.061085833,"remaining_time":0.6178474468},
{"learn":[3.795478257],"iteration":632,"passed_time":1.064846064,"remaining_time":0.6173752062},
{"learn":[3.792889025],"iteration":633,"passed_time":1.066844533,"remaining_time":0.6158755506},
{"learn":[3.790769849],"iteration":634,"passed_time":1.06989207,"remaining_time":0.6149773317},
{"learn":[3.788447468],"iteration":635,"passed_time":1.070891078,"remaining_time":0.6128999254},
{"learn":[3.785829042],"iteration":636,"passed_time":1.072048674,"remaining_time":0.6109162774},
{"learn":[3.782503758],"iteration":637,"passed_time":1.073187951,"remaining_time":0.6089248247},
{"learn":[3.779652836],"iteration":638,"passed_time":1.074471295,"remaining_time":0.6070174297},
{"learn":[3.779167379],"iteration":639,"passed_time":1.075770533,"remaining_time":0.6051209247},
{"learn":[3.776407702],"iteration":640,"passed_time":1.076944769,"remaining_time":0.6031562745},
{"learn":[3.774545361],"iteration":641,"passed_time":1.079668122,"remaining_time":0.6020579249},
{"learn":[3.77275863],"iteration":642,"passed_time":1.082064414,"remaining_time":0.6007729328},
{"learn":[3.770173014],"iteration":643,"passed_time":1.084121938,"remaining_time":0.5992972205},
{"learn":[3.767255546],"iteration":644,"passed_time":1.0851358,"remaining_time":0.5972452851},
{"learn":[3.765253898],"iteration":645,"passed_time":1.086047391,"remaining_time":0.5951405207},
{"learn":[3.762570045],"iteration":646,"passed_time":1.086982038,"remaining_time":0.5930520241},
{"learn":[3.759232746],"iteration":647,"passed_time":1.087929988,"remaining_time":0.5909743146},
{"learn":[3.757878678],"iteration":648,"passed_time":1.088853569,"remaining_time":0.5888869072},
{"learn":[3.755967292],"iteration":649,"passed_time":1.089757911,"remaining_time":0.5867927211},
{"learn":[3.753524431],"iteration":650,"passed_time":1.091086405,"remaining_time":0.5849295784},
{"learn":[3.751946147],"iteration":651,"passed_time":1.092112857,"remaining_time":0.5829068622},
{"learn":[3.749525164],"iteration":652,"passed_time":1.093088626,"remaining_time":0.5808602652},
{"learn":[3.748486736],"iteration":653,"passed_time":1.096728412,"remaining_time":0.5802263462},
{"learn":[3.746950597],"iteration":654,"passed_time":1.098824701,"remaining_time":0.5787702621},
{"learn":[3.744586246],"iteration":655,"passed_time":1.10064137,"remaining_time":0.5771655966},
{"learn":[3.743056086],"iteration":656,"passed_time":1.101639318,"remaining_time":0.5751328556},
{"learn":[3.741471594],"iteration":657,"passed_time":1.102601277,"remaining_time":0.5730845541},
{"learn":[3.739779859],"iteration":658,"passed_time":1.103559836,"remaining_time":0.5710377908},
{"learn":[3.738103445],"iteration":659,"passed_time":1.10450478,"remaining_time":0.5689873112},
{"learn":[3.734824336],"iteration":660,"passed_time":1.105644028,"remaining_time":0.5670398266},
{"learn":[3.732606313],"iteration":661,"passed_time":1.107399666,"remaining_time":0.5654094972},
{"learn":[3.731140924],"iteration":662,"passed_time":1.108448344,"remaining_time":0.5634194447},
{"learn":[3.729010025],"iteration":663,"passed_time":1.110300777,"remaining_time":0.5618389473},
{"learn":[3.726934813],"iteration":664,"passed_time":1.114052454,"remaining_time":0.5612143941},
{"learn":[3.72561437],"iteration":665,"passed_time":1.115779024,"remaining_time":0.5595648558},
{"learn":[3.724303887],"iteration":666,"passed_time":1.118324905,"remaining_time":0.5583241282},
{"learn":[3.720257716],"iteration":667,"passed_time":1.119310708,"remaining_time":0.5563041241},
{"learn":[3.718007881],"iteration":668,"passed_time":1.12024681,"remaining_time":0.5542626221},
{"learn":[3.715658023],"iteration":669,"passed_time":1.121756046,"remaining_time":0.5525067093},
{"learn":[3.713611864],"iteration":670,"passed_time":1.122726816,"remaining_time":0.550487515},
{"learn":[3.710822566],"iteration":671,"passed_time":1.123722853,"remaining_time":0.5484837734},
{"learn":[3.709574511],"iteration":672,"passed_time":1.124674913,"remaining_time":0.5464616589},
{"learn":[3.706099035],"iteration":673,"passed_time":1.129389128,"remaining_time":0.5462623973},
{"learn":[3.704381627],"iteration":674,"passed_time":1.131187128,"remaining_time":0.5446456544},
{"learn":[3.700562172],"iteration":675,"passed_time":1.13252844,"remaining_time":0.5428094889},
{"learn":[3.698240102],"iteration":676,"passed_time":1.133516298,"remaining_time":0.5408061511},
{"learn":[3.695005354],"iteration":677,"passed_time":1.134488351,"remaining_time":0.5387983026},
{"learn":[3.692006261],"iteration":678,"passed_time":1.135475833,"remaining_time":0.5368007986},
{"learn":[3.689622199],"iteration":679,"passed_time":1.13695324,"remaining_time":0.535036819},
{"learn":[3.688168288],"iteration":680,"passed_time":1.13792782,"remaining_time":0.5330381419},
{"learn":[3.68664289],"iteration":681,"passed_time":1.138914476,"remaining_time":0.531048099},
{"learn":[3.684636109],"iteration":682,"passed_time":1.139860187,"remaining_time":0.52904199},
{"learn":[3.680361293],"iteration":683,"passed_time":1.140860943,"remaining_time":0.5270644124},
{"learn":[3.679000331],"iteration":684,"passed_time":1.144376186,"remaining_time":0.5262459832},
{"learn":[3.677020599],"iteration":685,"passed_time":1.14621918,"remaining_time":0.5246542603},
{"learn":[3.67669512],"iteration":686,"passed_time":1.147226807,"remaining_time":0.5226812092},
{"learn":[3.674723209],"iteration":687,"passed_time":1.148208239,"remaining_time":0.5206990854},
{"learn":[3.672115454],"iteration":688,"passed_time":1.149166885,"remaining_time":0.5187095808},
{"learn":[3.669916054],"iteration":689,"passed_time":1.150141377,"remaining_time":0.5167301838},
{"learn":[3.667643684],"iteration":690,"passed_time":1.151071304,"remaining_time":0.5147337668},
{"learn":[3.666320528],"iteration":691,"passed_time":1.151990714,"remaining_time":0.5127357513},
{"learn":[3.664456778],"iteration":692,"passed_time":1.152958172,"remaining_time":0.5107621338},
{"learn":[3.662283601],"iteration":693,"passed_time":1.153917191,"remaining_time":0.5087876951},
{"learn":[3.660585549],"iteration":694,"passed_time":1.154862943,"remaining_time":0.5068103564},
{"learn":[3.658371554],"iteration":695,"passed_time":1.155802885,"remaining_time":0.5048334439},
{"learn":[3.655284181],"iteration":696,"passed_time":1.156746904,"remaining_time":0.5028612796},
{"learn":[3.65290282],"iteration":697,"passed_time":1.160655486,"remaining_time":0.5021747234},
{"learn":[3.651992737],"iteration":698,"passed_time":1.162155575,"remaining_time":0.5004418141},
{"learn":[3.649824618],"iteration":699,"passed_time":1.164262565,"remaining_time":0.4989696708},
{"learn":[3.648106996],"iteration":700,"passed_time":1.165262474,"remaining_time":0.4970235088},
{"learn":[3.646596485],"iteration":701,"passed_time":1.166244983,"remaining_time":0.4950726565},
{"learn":[3.643808148],"iteration":702,"passed_time":1.167179552,"remaining_time":0.4931043058},
{"learn":[3.642019992],"iteration":703,"passed_time":1.168151837,"remaining_time":0.4911547495},
{"learn":[3.639380279],"iteration":704,"passed_time":1.169118885,"remaining_time":0.4892057746},
{"learn":[3.635623703],"iteration":705,"passed_time":1.170074799,"remaining_time":0.4872549446},
{"learn":[3.633023283],"iteration":706,"passed_time":1.171065678,"remaining_time":0.4853214197},
{"learn":[3.631853219],"iteration":707,"passed_time":1.172024589,"remaining_time":0.4833773729},
{"learn":[3.62989824],"iteration":708,"passed_time":1.175118613,"remaining_time":0.4823124348},
{"learn":[3.627589675],"iteration":709,"passed_time":1.176919691,"remaining_time":0.4807136766},
{"learn":[3.625425662],"iteration":710,"passed_time":1.178072659,"remaining_time":0.4788509121},
{"learn":[3.622732938],"iteration":711,"passed_time":1.179011184,"remaining_time":0.4769034004},
{"learn":[3.619543309],"iteration":712,"passed_time":1.179950952,"remaining_time":0.4749592191},
{"learn":[3.616764561],"iteration":713,"passed_time":1.18092218,"remaining_time":0.4730304529},
{"learn":[3.614072629],"iteration":714,"passed_time":1.182573734,"remaining_time":0.4713755442},
{"learn":[3.612845896],"iteration":715,"passed_time":1.183485558,"remaining_time":0.4694272326},
{"learn":[3.611075617],"iteration":716,"passed_time":1.184411026,"remaining_time":0.467487197},
{"learn":[3.609261599],"iteration":717,"passed_time":1.185351528,"remaining_time":0.4655558925},
{"learn":[3.607487277],"iteration":718,"passed_time":1.186296268,"remaining_time":0.4636290004},
{"learn":[3.605516686],"iteration":719,"passed_time":1.187195112,"remaining_time":0.4616869881},
{"learn":[3.603596849],"iteration":720,"passed_time":1.188325928,"remaining_time":0.4598376338},
{"learn":[3.601727635],"iteration":721,"passed_time":1.191461281,"remaining_time":0.4587620999},
{"learn":[3.599896513],"iteration":722,"passed_time":1.193068134,"remaining_time":0.45709526},
{"learn":[3.597999012],"iteration":723,"passed_time":1.194296726,"remaining_time":0.4552843871},
{"learn":[3.596290038],"iteration":724,"passed_time":1.195266914,"remaining_time":0.4533771054},
{"learn":[3.594723093],"iteration":725,"passed_time":1.196208291,"remaining_time":0.4514615312},
{"learn":[3.593091574],"iteration":726,"passed_time":1.197103693,"remaining_time":0.4495313729},
{"learn":[3.592292276],"iteration":727,"passed_time":1.198000559,"remaining_time":0.4476046046},
{"learn":[3.590990046],"iteration":728,"passed_time":1.198954233,"remaining_time":0.4457017794},
{"learn":[3.589182863],"iteration":729,"passed_time":1.199887723,"remaining_time":0.4437940893},
{"learn":[3.585872728],"iteration":730,"passed_time":1.200809171,"remaining_time":0.4418846332},
{"learn":[3.584210296],"iteration":731,"passed_time":1.201697022,"remaining_time":0.4399655763},
{"learn":[3.582534168],"iteration":732,"passed_time":1.202617059,"remaining_time":0.4380610569},
{"learn":[3.581592349],"iteration":733,"passed_time":1.203511292,"remaining_time":0.4361498688},
{"learn":[3.578318985],"iteration":734,"passed_time":1.207091612,"remaining_time":0.4352099009},
{"learn":[3.575878493],"iteration":735,"passed_time":1.208422035,"remaining_time":0.4334557301},
{"learn":[3.572661074],"iteration":736,"passed_time":1.209396834,"remaining_time":0.4315758038},
{"learn":[3.569932379],"iteration":737,"passed_time":1.210384139,"remaining_time":0.4297027702},
{"learn":[3.568605253],"iteration":738,"passed_time":1.211354949,"remaining_time":0.4278263079},
{"learn":[3.567015986],"iteration":739,"passed_time":1.212299051,"remaining_time":0.4259429099},
{"learn":[3.563202793],"iteration":740,"passed_time":1.213264153,"remaining_time":0.4240693868},
{"learn":[3.561489166],"iteration":741,"passed_time":1.21421805,"remaining_time":0.4221944164},
{"learn":[3.560076197],"iteration":742,"passed_time":1.215182619,"remaining_time":0.4203256165},
{"learn":[3.557199066],"iteration":743,"passed_time":1.21614501,"remaining_time":0.4184584981},
{"learn":[3.555474912],"iteration":744,"passed_time":1.217111494,"remaining_time":0.4165952095},
{"learn":[3.553331141],"iteration":745,"passed_time":1.218090438,"remaining_time":0.4147385674},
{"learn":[3.55029336],"iteration":746,"passed_time":1.219052758,"remaining_time":0.4128786451},
{"learn":[3.546856585],"iteration":747,"passed_time":1.222569993,"remaining_time":0.4118818695},
{"learn":[3.544501185],"iteration":748,"passed_time":1.224921346,"remaining_time":0.4104876608},
{"learn":[3.542847304],"iteration":749,"passed_time":1.226660624,"remaining_time":0.4088868745},
{"learn":[3.540129193],"iteration":750,"passed_time":1.228739809,"remaining_time":0.4073984186},
{"learn":[3.539139114],"iteration":751,"passed_time":1.22967561,"remaining_time":0.4055313181},
{"learn":[3.53766669],"iteration":752,"passed_time":1.230612525,"remaining_time":0.4036670566},
{"learn":[3.535962372],"iteration":753,"passed_time":1.231556075,"remaining_time":0.4018074198},
{"learn":[3.533431838],"iteration":754,"passed_time":1.232462724,"remaining_time":0.3999382348},
{"learn":[3.530166565],"iteration":755,"passed_time":1.23338321,"remaining_time":0.3980760626},
{"learn":[3.528031519],"iteration":756,"passed_time":1.234314703,"remaining_time":0.3962199111},
{"learn":[3.526409241],"iteration":757,"passed_time":1.235861465,"remaining_time":0.3945626313},
{"learn":[3.524886123],"iteration":758,"passed_time":1.239483692,"remaining_time":0.3935646507},
{"learn":[3.521743703],"iteration":759,"passed_time":1.241043611,"remaining_time":0.3919085088},
{"learn":[3.519506035],"iteration":760,"passed_time":1.245815596,"remaining_time":0.3912614026},
{"learn":[3.517905126],"iteration":761,"passed_time":1.248964551,"remaining_time":0.3900965396},
{"learn":[3.516256352],"iteration":762,"passed_time":1.251743652,"remaining_time":0.3888115929},
{"learn":[3.514679425],"iteration":763,"passed_time":1.257150966,"remaining_time":0.3883345916},
{"learn":[3.513422842],"iteration":764,"passed_time":1.260846405,"remaining_time":0.3873188302},
{"learn":[3.509827139],"iteration":765,"passed_time":1.262849983,"remaining_time":0.3857792376},
{"learn":[3.507336123],"iteration":766,"passed_time":1.264671026,"remaining_time":0.3841829845},
{"learn":[3.505325141],"iteration":767,"passed_time":1.267104286,"remaining_time":0.3827710864},
{"learn":[3.502345531],"iteration":768,"passed_time":1.272328081,"remaining_time":0.3821947812},
{"learn":[3.499638657],"iteration":769,"passed_time":1.275818806,"remaining_time":0.3810887343},
{"learn":[3.497429757],"iteration":770,"passed_time":1.277690533,"remaining_time":0.3794956317},
{"learn":[3.496527243],"iteration":771,"passed_time":1.27937456,"remaining_time":0.3778463726},
{"learn":[3.494197769],"iteration":772,"passed_time":1.28180785,"remaining_time":0.3764170531},
{"learn":[3.492216709],"iteration":773,"passed_time":1.283844844,"remaining_time":0.3748694247},
{"learn":[3.490335439],"iteration":774,"passed_time":1.290959498,"remaining_time":0.374794693},
{"learn":[3.489067202],"iteration":775,"passed_time":1.293306249,"remaining_time":0.373325515},
{"learn":[3.486944841],"iteration":776,"passed_time":1.295430375,"remaining_time":0.371790185},
{"learn":[3.485540646],"iteration":777,"passed_time":1.297525894,"remaining_time":0.3702451779},
{"learn":[3.484887025],"iteration":778,"passed_time":1.299982566,"remaining_time":0.3688012157},
{"learn":[3.482415735],"iteration":779,"passed_time":1.304261928,"remaining_time":0.3678687489},
{"learn":[3.480329042],"iteration":780,"passed_time":1.307597899,"remaining_time":0.3666631752},
{"learn":[3.47670937],"iteration":781,"passed_time":1.311100147,"remaining_time":0.3654985065},
{"learn":[3.47536996],"iteration":782,"passed_time":1.312881068,"remaining_time":0.3638508195},
{"learn":[3.472571847],"iteration":783,"passed_time":1.319055658,"remaining_time":0.3634132937},
{"learn":[3.471238744],"iteration":784,"passed_time":1.321680353,"remaining_time":0.3619888866},
{"learn":[3.46885869],"iteration":785,"passed_time":1.323529268,"remaining_time":0.3603502078},
{"learn":[3.466929054],"iteration":786,"passed_time":1.326203838,"remaining_time":0.3589344569},
{"learn":[3.464933734],"iteration":787,"passed_time":1.32801508,"remaining_time":0.3572832448},
{"learn":[3.463161695],"iteration":788,"passed_time":1.331725015,"remaining_time":0.3561393892},
{"learn":[3.461339018],"iteration":789,"passed_time":1.335296147,"remaining_time":0.3549521403},
{"learn":[3.460805805],"iteration":790,"passed_time":1.337061534,"remaining_time":0.3532817453},
{"learn":[3.459365213],"iteration":791,"passed_time":1.339356253,"remaining_time":0.351750127},
{"learn":[3.457078501],"iteration":792,"passed_time":1.341681821,"remaining_time":0.3502246368},
{"learn":[3.456543655],"iteration":793,"passed_time":1.342751236,"remaining_time":0.3483712275},
{"learn":[3.453435754],"iteration":794,"passed_time":1.34376012,"remaining_time":0.3465041819},
{"learn":[3.452806112],"iteration":795,"passed_time":1.348558951,"remaining_time":0.3456105855},
{"learn":[3.451372396],"iteration":796,"passed_time":1.350148879,"remaining_time":0.343889865},
{"learn":[3.448683973],"iteration":797,"passed_time":1.351709294,"remaining_time":0.3421620017},
{"learn":[3.44657525],"iteration":798,"passed_time":1.353244314,"remaining_time":0.3404281691},
{"learn":[3.443995739],"iteration":799,"passed_time":1.354689955,"remaining_time":0.3386724887},
{"learn":[3.442297217],"iteration":800,"passed_time":1.35573421,"remaining_time":0.3368178623},
{"learn":[3.441573691],"iteration":801,"passed_time":1.356694445,"remaining_time":0.3349445138},
{"learn":[3.439174597],"iteration":802,"passed_time":1.357680915,"remaining_time":0.3330798757},
{"learn":[3.437124267],"iteration":803,"passed_time":1.358667422,"remaining_time":0.3312174312},
{"learn":[3.434395055],"iteration":804,"passed_time":1.359641878,"remaining_time":0.3293542438},
{"learn":[3.432381191],"iteration":805,"passed_time":1.364037424,"remaining_time":0.3283167},
{"learn":[3.430971628],"iteration":806,"passed_time":1.365516107,"remaining_time":0.3265732448},
{"learn":[3.429705248],"iteration":807,"passed_time":1.36701829,"remaining_time":0.3248360293},
{"learn":[3.427898356],"iteration":808,"passed_time":1.36842051,"remaining_time":0.3230757942},
{"learn":[3.426817611],"iteration":809,"passed_time":1.369836153,"remaining_time":0.3213195915},
{"learn":[3.425645332],"iteration":810,"passed_time":1.371235239,"remaining_time":0.3195603701},
{"learn":[3.423953291],"iteration":811,"passed_time":1.372568985,"remaining_time":0.3177869078},
{"learn":[3.422578763],"iteration":812,"passed_time":1.373972543,"remaining_time":0.3160305849},
{"learn":[3.421775485],"iteration":813,"passed_time":1.375339293,"remaining_time":0.314266718},
{"learn":[3.420382989],"iteration":814,"passed_time":1.377033627,"remaining_time":0.3125781853},
{"learn":[3.419213794],"iteration":815,"passed_time":1.378577807,"remaining_time":0.31085578},
{"learn":[3.416960578],"iteration":816,"passed_time":1.379974342,"remaining_time":0.3091007399},
{"learn":[3.416057115],"iteration":817,"passed_time":1.383905636,"remaining_time":0.3079105449},
{"learn":[3.415189375],"iteration":818,"passed_time":1.385524671,"remaining_time":0.306202644},
{"learn":[3.414718815],"iteration":819,"passed_time":1.386517153,"remaining_time":0.3043574238},
{"learn":[3.413453395],"iteration":820,"passed_time":1.387497416,"remaining_time":0.3025116169},
{"learn":[3.412452951],"iteration":821,"passed_time":1.388450165,"remaining_time":0.3006619578},
{"learn":[3.41094124],"iteration":822,"passed_time":1.389411543,"remaining_time":0.2988163343},
{"learn":[3.408659428],"iteration":823,"passed_time":1.390380773,"remaining_time":0.2969745341},
{"learn":[3.405640708],"iteration":824,"passed_time":1.391332662,"remaining_time":0.2951311708},
{"learn":[3.404964312],"iteration":825,"passed_time":1.393542906,"remaining_time":0.2935550431},
{"learn":[3.40260195],"iteration":826,"passed_time":1.394799476,"remaining_time":0.2917778831},
{"learn":[3.401293813],"iteration":827,"passed_time":1.395754011,"remaining_time":0.2899392391},
{"learn":[3.400489778],"iteration":828,"passed_time":1.397204442,"remaining_time":0.2882050177},
{"learn":[3.398602218],"iteration":829,"passed_time":1.3981654,"remaining_time":0.2863712265},
{"learn":[3.39655741],"iteration":830,"passed_time":1.399117588,"remaining_time":0.2845377525},
{"learn":[3.394322693],"iteration":831,"passed_time":1.401251635,"remaining_time":0.2829450417},
{"learn":[3.393163362],"iteration":832,"passed_time":1.402270407,"remaining_time":0.2811274406},
{"learn":[3.39069984],"iteration":833,"passed_time":1.403223689,"remaining_time":0.2792987199},
{"learn":[3.388722194],"iteration":834,"passed_time":1.404153566,"remaining_time":0.2774674711},
{"learn":[3.38514337],"iteration":835,"passed_time":1.405095942,"remaining_time":0.2756408308},
{"learn":[3.384262543],"iteration":836,"passed_time":1.4060361,"remaining_time":0.2738158713},
{"learn":[3.383375059],"iteration":837,"passed_time":1.4075718,"remaining_time":0.2721081522},
{"learn":[3.382167833],"iteration":838,"passed_time":1.410848499,"remaining_time":0.2707349325},
{"learn":[3.380585275],"iteration":839,"passed_time":1.412357046,"remaining_time":0.2690203898},
{"learn":[3.37899412],"iteration":840,"passed_time":1.414065596,"remaining_time":0.2673441495},
{"learn":[3.37659003],"iteration":841,"passed_time":1.415080259,"remaining_time":0.2655376258},
{"learn":[3.373333614],"iteration":842,"passed_time":1.416042843,"remaining_time":0.2637232815},
{"learn":[3.371703123],"iteration":843,"passed_time":1.417004106,"remaining_time":0.2619107115},
{"learn":[3.370151862],"iteration":844,"passed_time":1.417962812,"remaining_time":0.2600996874},
{"learn":[3.368506678],"iteration":845,"passed_time":1.418938855,"remaining_time":0.2582938342},
{"learn":[3.367786079],"iteration":846,"passed_time":1.419853604,"remaining_time":0.2564788682},
{"learn":[3.36487248],"iteration":847,"passed_time":1.420814794,"remaining_time":0.2546743498},
{"learn":[3.362931238],"iteration":848,"passed_time":1.421760458,"remaining_time":0.2528690567},
{"learn":[3.361709865],"iteration":849,"passed_time":1.422696702,"remaining_time":0.2510641239},
{"learn":[3.360924996],"iteration":850,"passed_time":1.426356153,"remaining_time":0.2497380338},
{"learn":[3.359077354],"iteration":851,"passed_time":1.427789375,"remaining_time":0.2480197505},
{"learn":[3.357917243],"iteration":852,"passed_time":1.428809178,"remaining_time":0.24623089},
{"learn":[3.356109187],"iteration":853,"passed_time":1.429780644,"remaining_time":0.2444355668},
{"learn":[3.354557574],"iteration":854,"passed_time":1.430728838,"remaining_time":0.242638224},
{"learn":[3.352991172],"iteration":855,"passed_time":1.431703878,"remaining_time":0.2408473814},
{"learn":[3.351647347],"iteration":856,"passed_time":1.432657848,"remaining_time":0.2390549268},
{"learn":[3.350710418],"iteration":857,"passed_time":1.433595057,"remaining_time":0.2372616528},
{"learn":[3.349833826],"iteration":858,"passed_time":1.434554309,"remaining_time":0.2354739903},
{"learn":[3.34891852],"iteration":859,"passed_time":1.435509033,"remaining_time":0.2336875171},
{"learn":[3.346456882],"iteration":860,"passed_time":1.43646571,"remaining_time":0.2319032912},
{"learn":[3.344621434],"iteration":861,"passed_time":1.437450442,"remaining_time":0.2301254768},
{"learn":[3.342466402],"iteration":862,"passed_time":1.438414017,"remaining_time":0.2283461418},
{"learn":[3.340447712],"iteration":863,"passed_time":1.440230797,"remaining_time":0.2267029959},
{"learn":[3.339687376],"iteration":864,"passed_time":1.441828358,"remaining_time":0.225025235},
{"learn":[3.338869202],"iteration":865,"passed_time":1.443690673,"remaining_time":0.2233886261},
{"learn":[3.337701336],"iteration":866,"passed_time":1.445205391,"remaining_time":0.2216981742},
{"learn":[3.336542501],"iteration":867,"passed_time":1.446913845,"remaining_time":0.2200375893},
{"learn":[3.335541618],"iteration":868,"passed_time":1.447957309,"remaining_time":0.2182766485},
{"learn":[3.334601925],"iteration":869,"passed_time":1.448920125,"remaining_time":0.2165053061},
{"learn":[3.333712825],"iteration":870,"passed_time":1.449841123,"remaining_time":0.2147296268},
{"learn":[3.332082948],"iteration":871,"passed_time":1.450780085,"remaining_time":0.2129585446},
{"learn":[3.330632694],"iteration":872,"passed_time":1.45172704,"remaining_time":0.2111905316},
{"learn":[3.329470523],"iteration":873,"passed_time":1.452687671,"remaining_time":0.209426369},
{"learn":[3.328481281],"iteration":874,"passed_time":1.453627144,"remaining_time":0.2076610206},
{"learn":[3.326435215],"iteration":875,"passed_time":1.454566862,"remaining_time":0.2058975923},
{"learn":[3.325068725],"iteration":876,"passed_time":1.457024626,"remaining_time":0.2043489499},
{"learn":[3.323000714],"iteration":877,"passed_time":1.458670185,"remaining_time":0.2026853788},
{"learn":[3.320514935],"iteration":878,"passed_time":1.460142356,"remaining_time":0.2009979808},
{"learn":[3.319505927],"iteration":879,"passed_time":1.461689446,"remaining_time":0.1993212881},
{"learn":[3.318387258],"iteration":880,"passed_time":1.46265313,"remaining_time":0.1975660867},
{"learn":[3.317221677],"iteration":881,"passed_time":1.463612673,"remaining_time":0.1958121263},
{"learn":[3.315980144],"iteration":882,"passed_time":1.464567635,"remaining_time":0.1940593583},
{"learn":[3.315211042],"iteration":883,"passed_time":1.46552304,"remaining_time":0.1923084532},
{"learn":[3.31260607],"iteration":884,"passed_time":1.466496013,"remaining_time":0.1905616288},
{"learn":[3.310998905],"iteration":885,"passed_time":1.467446639,"remaining_time":0.188813676},
{"learn":[3.308308126],"iteration":886,"passed_time":1.468393596,"remaining_time":0.1870670534},
{"learn":[3.306834614],"iteration":887,"passed_time":1.469320633,"remaining_time":0.1853197195},
{"learn":[3.303906684],"iteration":888,"passed_time":1.470277467,"remaining_time":0.1835779514},
{"learn":[3.301373353],"iteration":889,"passed_time":1.472100494,"remaining_time":0.1819450049},
{"learn":[3.300218454],"iteration":890,"passed_time":1.473716416,"remaining_time":0.1802862956},
{"learn":[3.297435424],"iteration":891,"passed_time":1.474935088,"remaining_time":0.1785795846},
{"learn":[3.297110631],"iteration":892,"passed_time":1.476974651,"remaining_time":0.1769723266},
{"learn":[3.29600199],"iteration":893,"passed_time":1.478562815,"remaining_time":0.1753105798},
{"learn":[3.294918869],"iteration":894,"passed_time":1.479744342,"remaining_time":0.1736012915},
{"learn":[3.293809264],"iteration":895,"passed_time":1.480684192,"remaining_time":0.1718651294},
{"learn":[3.293637986],"iteration":896,"passed_time":1.481626452,"remaining_time":0.1701310195},
{"learn":[3.291616335],"iteration":897,"passed_time":1.4826122,"remaining_time":0.168403613},
{"learn":[3.289078904],"iteration":898,"passed_time":1.483556181,"remaining_time":0.1666731638},
{"learn":[3.287671767],"iteration":899,"passed_time":1.484507083,"remaining_time":0.1649452314},
{"learn":[3.285948387],"iteration":900,"passed_time":1.485452476,"remaining_time":0.1632184186},
{"learn":[3.283837967],"iteration":901,"passed_time":1.486588682,"remaining_time":0.1615140697},
{"learn":[3.282622031],"iteration":902,"passed_time":1.488391827,"remaining_time":0.1598826215},
{"learn":[3.281881223],"iteration":903,"passed_time":1.489513396,"remaining_time":0.1581784137},
{"learn":[3.27995679],"iteration":904,"passed_time":1.490471101,"remaining_time":0.1564582924},
{"learn":[3.278545396],"iteration":905,"passed_time":1.491481003,"remaining_time":0.1547452696},
{"learn":[3.276689453],"iteration":906,"passed_time":1.49245631,"remaining_time":0.1530302501},
{"learn":[3.275507749],"iteration":907,"passed_time":1.49341828,"remaining_time":0.1513155085},
{"learn":[3.273037083],"iteration":908,"passed_time":1.494473521,"remaining_time":0.1496117607},
{"learn":[3.270521278],"iteration":909,"passed_time":1.495443504,"remaining_time":0.1479010059},
{"learn":[3.269137226],"iteration":910,"passed_time":1.496383079,"remaining_time":0.1461889067},
{"learn":[3.267476194],"iteration":911,"passed_time":1.497338619,"remaining_time":0.1444800422},
{"learn":[3.265595852],"iteration":912,"passed_time":1.498276987,"remaining_time":0.1427711915},
{"learn":[3.263874223],"iteration":913,"passed_time":1.499213025,"remaining_time":0.1410638076},
{"learn":[3.261255108],"iteration":914,"passed_time":1.500129494,"remaining_time":0.1393562918},
{"learn":[3.258902347],"iteration":915,"passed_time":1.501097201,"remaining_time":0.1376552018},
{"learn":[3.257711034],"iteration":916,"passed_time":1.502009513,"remaining_time":0.1359506975},
{"learn":[3.255832194],"iteration":917,"passed_time":1.503820059,"remaining_time":0.1343281534},
{"learn":[3.255107076],"iteration":918,"passed_time":1.504915276,"remaining_time":0.1326421516},
{"learn":[3.253409819],"iteration":919,"passed_time":1.505857128,"remaining_time":0.1309440981},
{"learn":[3.25163788],"iteration":920,"passed_time":1.506910157,"remaining_time":0.1292572231},
{"learn":[3.250159765],"iteration":921,"passed_time":1.507870993,"remaining_time":0.1275639235},
{"learn":[3.248406986],"iteration":922,"passed_time":1.50882426,"remaining_time":0.1258715797},
{"learn":[3.247302038],"iteration":923,"passed_time":1.509773655,"remaining_time":0.1241805171},
{"learn":[3.246076309],"iteration":924,"passed_time":1.510740782,"remaining_time":0.1224924958},
{"learn":[3.24399308],"iteration":925,"passed_time":1.511707847,"remaining_time":0.1208060266},
{"learn":[3.242694211],"iteration":926,"passed_time":1.51266883,"remaining_time":0.1191206306},
{"learn":[3.240507168],"iteration":927,"passed_time":1.513608904,"remaining_time":0.1174351736},
{"learn":[3.239077584],"iteration":928,"passed_time":1.514536809,"remaining_time":0.1157503912},
{"learn":[3.237672631],"iteration":929,"passed_time":1.515463275,"remaining_time":0.1140671282},
{"learn":[3.235914999],"iteration":930,"passed_time":1.516381919,"remaining_time":0.1123849113},
{"learn":[3.234668523],"iteration":931,"passed_time":1.517336888,"remaining_time":0.1107069832},
{"learn":[3.232232104],"iteration":932,"passed_time":1.5189606,"remaining_time":0.1090786283},
{"learn":[3.229322035],"iteration":933,"passed_time":1.52041249,"remaining_time":0.1074381417},
{"learn":[3.227785841],"iteration":934,"passed_time":1.521595785,"remaining_time":0.1057793861},
{"learn":[3.227261754],"iteration":935,"passed_time":1.522722803,"remaining_time":0.1041177985},
{"learn":[3.225437206],"iteration":936,"passed_time":1.523645261,"remaining_time":0.1024435981},
{"learn":[3.223302045],"iteration":937,"passed_time":1.52454939,"remaining_time":0.1007697891},
{"learn":[3.221907345],"iteration":938,"passed_time":1.525429471,"remaining_time":0.09909605719},
{"learn":[3.220274613],"iteration":939,"passed_time":1.526371521,"remaining_time":0.09742796939},
{"learn":[3.21872335],"iteration":940,"passed_time":1.527320189,"remaining_time":0.09576183968},
{"learn":[3.217216345],"iteration":941,"passed_time":1.528254442,"remaining_time":0.09409634567},
{"learn":[3.216414124],"iteration":942,"passed_time":1.529135029,"remaining_time":0.0924291587},
{"learn":[3.21519015],"iteration":943,"passed_time":1.530023176,"remaining_time":0.09076408669},
{"learn":[3.213370282],"iteration":944,"passed_time":1.5309452,"remaining_time":0.08910263069},
{"learn":[3.212531064],"iteration":945,"passed_time":1.531821783,"remaining_time":0.08744014407},
{"learn":[3.209392405],"iteration":946,"passed_time":1.532731872,"remaining_time":0.08578119241},
{"learn":[3.20750083],"iteration":947,"passed_time":1.533667937,"remaining_time":0.08412524549},
{"learn":[3.206213352],"iteration":948,"passed_time":1.535536889,"remaining_time":0.08252094978},
{"learn":[3.204003225],"iteration":949,"passed_time":1.536707097,"remaining_time":0.08087932088},
{"learn":[3.20196889],"iteration":950,"passed_time":1.537819972,"remaining_time":0.07923572938},
{"learn":[3.200863963],"iteration":951,"passed_time":1.539312815,"remaining_time":0.07761241083},
{"learn":[3.199103101],"iteration":952,"passed_time":1.540765234,"remaining_time":0.07598737253},
{"learn":[3.198749403],"iteration":953,"passed_time":1.542154716,"remaining_time":0.07435966134},
{"learn":[3.196462776],"iteration":954,"passed_time":1.54356365,"remaining_time":0.0727333657},
{"learn":[3.193363217],"iteration":955,"passed_time":1.545047022,"remaining_time":0.0711109508},
{"learn":[3.192496984],"iteration":956,"passed_time":1.546471909,"remaining_time":0.06948619864},
{"learn":[3.190644485],"iteration":957,"passed_time":1.547794261,"remaining_time":0.06785736843},
{"learn":[3.18912804],"iteration":958,"passed_time":1.549100941,"remaining_time":0.06622850738},
{"learn":[3.187209579],"iteration":959,"passed_time":1.553159571,"remaining_time":0.06471498212},
{"learn":[3.186165073],"iteration":960,"passed_time":1.554675558,"remaining_time":0.06309297268},
{"learn":[3.184572363],"iteration":961,"passed_time":1.556586521,"remaining_time":0.06148678567},
{"learn":[3.183421301],"iteration":962,"passed_time":1.557787029,"remaining_time":0.0598526688},
{"learn":[3.182036079],"iteration":963,"passed_time":1.559141887,"remaining_time":0.0582252157},
{"learn":[3.180001227],"iteration":964,"passed_time":1.560265453,"remaining_time":0.05658993872},
{"learn":[3.178279735],"iteration":965,"passed_time":1.561239153,"remaining_time":0.05495044639},
{"learn":[3.176369254],"iteration":966,"passed_time":1.562201876,"remaining_time":0.05331195648},
{"learn":[3.174746145],"iteration":967,"passed_time":1.563119421,"remaining_time":0.05167336929},
{"learn":[3.173798551],"iteration":968,"passed_time":1.564074982,"remaining_time":0.05003748652},
{"learn":[3.171481314],"iteration":969,"passed_time":1.565018984,"remaining_time":0.04840264898},
{"learn":[3.170914461],"iteration":970,"passed_time":1.569467065,"remaining_time":0.04687388764},
{"learn":[3.168633142],"iteration":971,"passed_time":1.570828401,"remaining_time":0.04525020086},
{"learn":[3.16750589],"iteration":972,"passed_time":1.571866348,"remaining_time":0.04361807954},
{"learn":[3.165854527],"iteration":973,"passed_time":1.572845349,"remaining_time":0.0419856048},
{"learn":[3.163766865],"iteration":974,"passed_time":1.573829296,"remaining_time":0.04035459733},
{"learn":[3.162571915],"iteration":975,"passed_time":1.574763967,"remaining_time":0.0387237041},
{"learn":[3.161811842],"iteration":976,"passed_time":1.575693854,"remaining_time":0.03709412349},
{"learn":[3.160401979],"iteration":977,"passed_time":1.57663166,"remaining_time":0.03546615186},
{"learn":[3.157519262],"iteration":978,"passed_time":1.577566073,"remaining_time":0.03383951739},
{"learn":[3.156136328],"iteration":979,"passed_time":1.578537912,"remaining_time":0.03221505944},
{"learn":[3.154664291],"iteration":980,"passed_time":1.579509422,"remaining_time":0.0305919256},
{"learn":[3.153496375],"iteration":981,"passed_time":1.580472413,"remaining_time":0.02896996276},
{"learn":[3.150823539],"iteration":982,"passed_time":1.581614847,"remaining_time":0.02735244394},
{"learn":[3.148871121],"iteration":983,"passed_time":1.583901511,"remaining_time":0.02575449611},
{"learn":[3.147445033],"iteration":984,"passed_time":1.585031138,"remaining_time":0.02413753002},
{"learn":[3.145996241],"iteration":985,"passed_time":1.586010942,"remaining_time":0.02251942514},
{"learn":[3.144286406],"iteration":986,"passed_time":1.586996981,"remaining_time":0.0209026958},
{"learn":[3.142997875],"iteration":987,"passed_time":1.587960679,"remaining_time":0.01928697181},
{"learn":[3.139168419],"iteration":988,"passed_time":1.588966924,"remaining_time":0.0176730396},
{"learn":[3.138051221],"iteration":989,"passed_time":1.590153596,"remaining_time":0.01606215754},
{"learn":[3.136212459],"iteration":990,"passed_time":1.591614472,"remaining_time":0.01445462184},
{"learn":[3.13497309],"iteration":991,"passed_time":1.592593457,"remaining_time":0.01284349562},
{"learn":[3.133069841],"iteration":992,"passed_time":1.59354236,"remaining_time":0.01123343053},
{"learn":[3.131174166],"iteration":993,"passed_time":1.594493074,"remaining_time":0.009624706687},
{"learn":[3.130069459],"iteration":994,"passed_time":1.595425139,"remaining_time":0.008017211755},
{"learn":[3.129214343],"iteration":995,"passed_time":1.596338882,"remaining_time":0.006410999528},
{"learn":[3.128143634],"iteration":996,"passed_time":1.59758523,"remaining_time":0.00480717722},
{"learn":[3.12686865],"iteration":997,"passed_time":1.600167398,"remaining_time":0.003206748293},
{"learn":[3.12519824],"iteration":998,"passed_time":1.601617529,"remaining_time":0.00160322075},
{"learn":[3.123357783],"iteration":999,"passed_time":1.603341751,"remaining_time":0}
]}